task,horizon_steps,model_name,feedback_count,feedback_weight_sum,feedback_last_target_timestamp,feedback_weighted_mean_abs_error_return,feedback_weighted_mean_abs_error_close,feedback_weighted_rmse_return,feedback_weighted_directional_accuracy,feedback_weighted_mean_strategy_return,feedback_weighted_mean_excess_return,feedback_weighted_brier_score,feedback_weighted_interval_coverage,feedback_total_strategy_return,feedback_total_benchmark_return,feedback_total_excess_return
active,7,active_track,8,7.788447260897739,2026-06-11 00:00:00,0.12208064021797756,241.15711387629116,0.13591578258948847,0.8725897585202931,0.12232509573419587,0.27845991773233664,,0.2471193437891028,1.434734170203909,-0.7468384948146141,2.181572665018523
classification,7,extra_trees_clf,5,4.811404561700364,2026-06-08 00:00:00,,,,1.0,0.17309826493923686,0.3461965298784737,0.044349513723385615,,1.214257934275544,-0.6155509947176999,1.829808928993244
classification,7,random_forest_clf,2,1.9847147529344311,2026-06-11 00:00:00,,,,1.0,0.126738318361944,0.253476636723888,0.10887436879761668,,0.26778107450378186,-0.2407586537887274,0.5085397282925093
classification,7,catboost_clf,1,0.9923279462629435,2026-06-10 00:00:00,,,,1.0,0.13268056739901013,0.26536113479802026,0.04530303898815991,,0.13268056739901013,-0.13268056739901013,0.26536113479802026
hybrid,7,hybrid_regime_reversal_gate,8,7.788447260897739,2026-06-11 00:00:00,0.16494663850710417,327.2562742090666,0.16887359440637123,0.8725897585202931,0.12232509573419587,0.27845991773233664,,0.1254627444600059,1.434734170203909,-0.7468384948146141,2.181572665018523
regression,7,catboost_regressor,3,2.9166017344752944,2026-06-09 00:00:00,0.16293718908515378,327.6431344539171,0.16406334145261744,1.0,0.18901157463314056,0.3780231492662811,,0.0,0.6806849193159357,-0.4674509537038123,1.148135873019748
regression,7,hist_gbr,3,2.879517580159501,2026-06-08 00:00:00,0.13661777787586693,273.3955153165881,0.1442542672862993,1.0,0.15887283748711425,0.3177456749742285,,0.3290537325916774,0.5528181862708907,-0.4070525187335129,0.9598707050044036
regression,7,knn_regressor,1,1.0,2026-06-11 00:00:00,0.01126047492222755,20.1846267275223,0.01126047492222755,1.0,0.07563657680122016,0.1512731536024403,,1.0,0.07563657680122016,-0.07563657680122016,0.1512731536024403
regression,7,mlp_regressor,1,0.9923279462629435,2026-06-10 00:00:00,0.28313154046020395,529.1728491201211,0.28313154046020395,0.0,-0.13268056739901013,0.0,,0.0,-0.13268056739901013,-0.13268056739901013,0.0
