timestamp,binance_eth_taker_buy_sell_buysellratio,binance_eth_taker_buy_sell_sellvol,binance_eth_taker_buy_sell_buyvol
2026-09-06,0.9209,1262609.675,1162721.422
2026-09-07,0.9179,1350892.357,1240034.275
2026-09-08,0.9969,1681663.886,1676387.608
2026-09-09,0.9674,1831057.304,1771448.999
2026-09-10,0.9477,1825656.351,1730224.655
2026-09-11,1.0511,3104870.312,3263535.342
2026-09-12,1.0614,675142.108,716628.104
2026-09-13,0.9394,1205357.981,1132255.031
2026-09-14,1.0574,2215761.409,2342921.946
2026-09-15,0.9269,3051799.636,2828641.474
2026-09-16,0.9743,2246429.693,2188594.321
2026-09-17,1.0181,1513054.009,1540504.087
2026-09-18,1.091,2555046.621,2787559.937
2026-09-19,1.0114,1181239.915,1194716.736
2026-09-20,0.9767,1524862.16,1489269.095
2026-09-21,1.0521,3094984.268,3256354.409
2026-09-22,0.9425,1899011.891,1789856.344
2026-09-23,0.9316,2283500.318,2127395.313
2026-09-24,0.9726,1835565.369,1785268.652
2026-09-25,0.9934,1577006.213,1566596.187
2026-09-26,0.9916,539277.337,534765.114
2026-09-27,0.9394,789176.772,741391.037
2026-09-28,0.9384,1877401.982,1761739.073
2026-09-29,1.0164,1754251.92,1783053.087
2026-09-30,0.964,1664920.158,1605034.16
2026-10-01,0.9769,1617049.291,1579764.825
