timestamp,binance_eth_oi_symbol,binance_eth_oi_sumopeninterest,binance_eth_oi_sumopeninterestvalue,binance_eth_oi_cmccirculatingsupply
2026-09-07,,2289985.726,5756937281.172356,122020932.85347287
2026-09-08,,2281393.67,5677932565.896,122023857.56610575
2026-09-09,,2251623.598,5592763410.859421,122026782.25209972
2026-09-10,,2257360.314,5569532011.0171795,122029704.52429248
2026-09-11,,2314811.05,5640777862.861,122032627.13795824
2026-09-12,,2322725.486,5843053436.206735,122035556.78650354
2026-09-13,,2319327.726,5855887977.140825,122038476.30127028
2026-09-14,,2326658.014,5760004313.187997,122041373.10305338
2026-09-15,,2318228.031,5830204404.28314,122044301.968694
2026-09-16,,2314780.32,5548945087.4976,122047243.49403714
2026-09-17,,2307460.447,5578262556.01803,122050160.83564284
2026-09-18,,2285408.011,5591095641.222697,122053082.69974948
2026-09-19,,2357864.506,6156737904.8419,122056009.605603
2026-09-20,,2365446.47,6224910599.108903,122058930.79155315
2026-09-21,,2346233.528,6203437446.694954,122058930.79155315
2026-09-22,,2328934.442,6462319021.036046,122064744.06907414
2026-09-23,,2310500.28,6360044805.7476,122067645.9189046
2026-09-24,,2297741.389,6166442402.726278,122070499.19308256
2026-09-25,,2269582.543,6097551243.32552,122073393.48614591
2026-09-26,,2265003.851,6094217359.871397,122076229.26807936
2026-09-27,,2272700.282,6125975572.608356,122078905.3531288
2026-09-28,,2284212.139,6138477491.74165,122081755.2385784
2026-09-29,,2254622.486,6059388116.02444,122084677.73131436
2026-09-30,,2257043.327,6041969563.77938,122087473.82588676
2026-10-01,,2284145.959,6132330886.22516,122090190.71225758
2026-10-02,,2291456.229,6198526586.81874,122092940.74905182
