fundingTime,binance_eth_funding_rate_mean,binance_eth_mark_price_last
2026-08-18,3.760666666666667e-05,1916.87
2026-08-19,5.411666666666667e-05,2085.49749612
2026-08-20,0.0001,2325.5823876
2026-08-21,9.677e-05,2392.99
2026-08-22,0.0001,2410.36
2026-08-23,0.0001,2437.78087811
2026-08-24,0.0001,2486.64
2026-08-25,7.812e-05,2481.56
2026-08-26,6.865e-05,2448.98
2026-08-27,5.769333333333334e-05,2520.58
2026-08-28,2.52e-05,2470.35
2026-08-29,3.49e-05,2443.54950388
2026-08-30,3.3663333333333333e-05,2479.92
2026-08-31,4.5293333333333336e-05,2466.41
2026-09-01,5.128333333333333e-05,2447.89395349
2026-09-02,3.457333333333333e-05,2390.1844186
2026-09-03,8.719333333333332e-05,2516.0
2026-09-04,5.3769999999999995e-05,2450.95
2026-09-05,3.321666666666666e-05,2458.66386047
2026-09-06,5.3366666666666665e-05,2478.45390698
2026-09-07,3.5256666666666664e-05,2468.76
2026-09-08,2.989e-05,2497.81609302
2026-09-09,5.607333333333334e-05,2488.97
2026-09-10,-2.295e-05,2440.0
2026-09-11,3.9133333333333334e-05,2558.62
2026-09-12,1.9516666666666666e-05,2534.0
2026-09-13,1.9216666666666665e-05,2489.62309879
2026-09-14,5.5389999999999997e-05,2507.27
2026-09-15,-3.914e-05,2423.28
2026-09-16,-7.3766666666666675e-06,2391.67
2026-09-17,3.8543333333333334e-05,2469.46
2026-09-18,7.152333333333335e-05,2583.24
2026-09-19,8.472e-05,2640.0
2026-09-20,5.8653333333333336e-05,2612.0634031
2026-09-21,8.587e-05,2754.0
2026-09-22,6.941e-05,2742.88
2026-09-23,6.112333333333334e-05,2655.19
2026-09-24,5.6349999999999994e-05,2682.25
2026-09-25,3.811e-05,2685.72
2026-09-26,6.382666666666666e-05,2691.99
2026-09-27,7.034e-05,2688.83
2026-09-28,1.995e-05,2677.16137209
2026-09-29,7.062e-05,2672.82
2026-09-30,5.179e-05,2682.37683721
2026-10-01,5.4476666666666666e-05,2681.18
2026-10-02,7.393e-05,2736.93
