timestamp,binance_eth_basis_indexprice,binance_eth_basis_contracttype,binance_eth_basis_basisrate,binance_eth_basis_futuresprice,binance_eth_basis_annualizedbasisrate,binance_eth_basis_basis,binance_eth_basis_pair
2026-09-07,2514.94465116,,-0.0006,2513.47,,-1.47465116,
2026-09-08,2490.13511628,,-0.0005,2488.91,,-1.22511628,
2026-09-09,2485.06513514,,-0.0005,2483.87,,-1.19513514,
2026-09-10,2468.02906977,,-0.0004,2466.96,,-1.06906977,
2026-09-11,2438.0844186,,-0.0004,2437.03,,-1.0544186,
2026-09-12,2516.42744186,,-0.0004,2515.47,,-0.95744186,
2026-09-13,2526.08162791,,-0.0005,2524.77,,-1.31162791,
2026-09-14,2477.10093023,,-0.0007,2475.49,,-1.61093023,
2026-09-15,2515.86046512,,-0.0008,2513.92,,-1.94046512,
2026-09-16,2398.6427907,,-0.0006,2397.15,,-1.4927907,
2026-09-17,2418.32767442,,-0.0003,2417.5,,-0.82767442,
2026-09-18,2447.32348837,,-0.0004,2446.33,,-0.99348837,
2026-09-19,2612.03232558,,-0.0003,2611.14,,-0.89232558,
2026-09-20,2632.77116279,,-0.0005,2631.58,,-1.19116279,
2026-09-21,2645.10883721,,-0.0005,2643.71,,-1.39883721,
2026-09-22,2775.66860465,,-0.0004,2774.5,,-1.16860465,
2026-09-23,2753.58581395,,-0.0003,2752.7,,-0.88581395,
2026-09-24,2684.7672093,,-0.0005,2683.41,,-1.3572093,
2026-09-25,2687.9327907,,-0.0005,2686.65,,-1.2827907,
2026-09-26,2691.57604651,,-0.0004,2690.56,,-1.01604651,
2026-09-27,2696.51116279,,-0.0006,2694.97,,-1.54116279,
2026-09-28,2688.41906977,,-0.0004,2687.36,,-1.05906977,
2026-09-29,2689.08604651,,-0.0006,2687.56,,-1.52604651,
2026-09-30,2678.06906977,,-0.0004,2676.94,,-1.12906977,
2026-10-01,2685.94186047,,-0.0005,2684.68,,-1.26186047,
2026-10-02,2706.42976744,,-0.0005,2705.05,,-1.37976744,
