date,defillama_ethereum_chain_tvl_usd
2017-09-27,0.0
2017-09-28,0.0
2017-09-29,0.0
2017-09-30,0.0
2017-10-01,0.0
2017-10-02,0.0
2017-10-03,0.0
2017-10-04,0.0
2017-10-05,0.0
2017-10-06,0.0
2017-10-07,0.0
2017-10-08,0.0
2017-10-09,0.0
2017-10-10,0.0
2017-10-11,0.0
2017-10-12,0.0
2017-10-13,0.0
2017-10-14,0.0
2017-10-15,0.0
2017-10-16,0.0
2017-10-17,0.0
2017-10-18,0.0
2017-10-19,0.0
2017-10-20,0.0
2017-10-21,0.0
2017-10-22,0.0
2017-10-23,0.0
2017-10-24,0.0
2017-10-25,0.0
2017-10-26,0.0
2017-10-27,0.0
2017-10-28,0.0
2017-10-29,0.0
2017-10-30,0.0
2017-10-31,0.0
2017-11-01,0.0
2017-11-02,0.0
2017-11-03,0.0
2017-11-04,0.0
2017-11-05,0.0
2017-11-06,0.0
2017-11-07,0.0
2017-11-08,0.0
2017-11-09,0.0
2017-11-10,0.0
2017-11-11,0.0
2017-11-12,0.0
2017-11-13,0.0
2017-11-14,0.0
2017-11-15,0.0
2017-11-16,0.0
2017-11-17,0.0
2017-11-18,0.0
2017-11-19,0.0
2017-11-20,0.0
2017-11-21,0.0
2017-11-22,0.0
2017-11-23,0.0
2017-11-24,0.0
2017-11-25,0.0
2017-11-26,0.0
2017-11-27,0.0
2017-11-28,0.0
2017-11-29,0.0
2017-11-30,0.0
2017-12-01,0.0
2017-12-02,0.0
2017-12-03,0.0
2017-12-04,0.0
2017-12-05,0.0
2017-12-06,0.0
2017-12-07,0.0
2017-12-08,0.0
2017-12-09,0.0
2017-12-10,0.0
2017-12-11,0.0
2017-12-12,0.0
2017-12-13,0.0
2017-12-14,0.0
2017-12-15,0.0
2017-12-16,0.0
2017-12-17,0.0
2017-12-18,0.0
2017-12-19,0.0
2017-12-20,0.0
2017-12-21,0.0
2017-12-22,0.0
2017-12-23,0.0
2017-12-24,0.0
2017-12-25,0.0
2017-12-26,0.0
2017-12-27,0.0
2017-12-28,0.0
2017-12-29,0.0
2017-12-30,0.0
2017-12-31,0.0
2018-01-01,0.0
2018-01-02,0.0
2018-01-03,0.0
2018-01-04,0.0
2018-01-05,0.0
2018-01-06,0.0
2018-01-07,0.0
2018-01-08,0.0
2018-01-09,0.0
2018-01-10,0.0
2018-01-11,0.0
2018-01-12,0.0
2018-01-13,0.0
2018-01-14,0.0
2018-01-15,0.0
2018-01-16,0.0
2018-01-17,0.0
2018-01-18,0.0
2018-01-19,0.0
2018-01-20,0.0
2018-01-21,0.0
2018-01-22,0.0
2018-01-23,0.0
2018-01-24,0.0
2018-01-25,0.0
2018-01-26,0.0
2018-01-27,0.0
2018-01-28,0.0
2018-01-29,0.0
2018-01-30,0.0
2018-01-31,0.0
2018-02-01,0.0
2018-02-02,0.0
2018-02-03,0.0
2018-02-04,0.0
2018-02-05,0.0
2018-02-06,0.0
2018-02-07,0.0
2018-02-08,0.0
2018-02-09,0.0
2018-02-10,0.0
2018-02-11,0.0
2018-02-12,6685317.0
2018-02-13,6685317.0
2018-02-14,6685317.0
2018-02-15,7335070.0
2018-02-16,11799306.0
2018-02-17,11799306.0
2018-02-18,11799306.0
2018-02-19,11799306.0
2018-02-20,11799306.0
2018-02-21,11620897.0
2018-02-22,9686994.0
2018-02-23,11924788.0
2018-02-24,11924788.0
2018-02-25,11924788.0
2018-02-26,11293138.0
2018-02-27,11293138.0
2018-02-28,18351636.0
2018-03-01,18351636.0
2018-03-02,18351636.0
2018-03-03,18351636.0
2018-03-04,18351636.0
2018-03-05,18351636.0
2018-03-06,15284730.0
2018-03-07,15284730.0
2018-03-08,14201508.0
2018-03-09,14201508.0
2018-03-10,14201508.0
2018-03-11,14201508.0
2018-03-12,14201508.0
2018-03-13,14201508.0
2018-03-14,14529180.0
2018-03-15,10883302.0
2018-03-16,10883302.0
2018-03-17,10883302.0
2018-03-18,10883302.0
2018-03-19,10883302.0
2018-03-20,10883302.0
2018-03-21,10883302.0
2018-03-22,10883302.0
2018-03-23,10883302.0
2018-03-24,10883302.0
2018-03-25,10883302.0
2018-03-26,10883302.0
2018-03-27,10883302.0
2018-03-28,10883302.0
2018-03-29,10975192.0
2018-03-30,8872233.0
2018-03-31,8872233.0
2018-04-01,8872233.0
2018-04-02,8872233.0
2018-04-03,8709109.0
2018-04-04,8709109.0
2018-04-05,8709109.0
2018-04-06,8994812.0
2018-04-07,11513795.0
2018-04-08,11513795.0
2018-04-09,11513795.0
2018-04-10,11513795.0
2018-04-11,11513795.0
2018-04-12,11513795.0
2018-04-13,11513795.0
2018-04-14,11599561.0
2018-04-15,11860237.0
2018-04-16,16745423.0
2018-04-17,16745423.0
2018-04-18,16745423.0
2018-04-19,16745423.0
2018-04-20,19173183.0
2018-04-21,19173183.0
2018-04-22,19557950.0
2018-04-23,21963401.0
2018-04-24,21963401.0
2018-04-25,21963401.0
2018-04-26,21963401.0
2018-04-27,22367479.0
2018-04-28,28948697.0
2018-04-29,28977326.0
2018-04-30,28969763.0
2018-05-01,28984307.0
2018-05-02,28977941.0
2018-05-03,35203792.0
2018-05-04,29514151.0
2018-05-05,29565821.0
2018-05-06,29590838.0
2018-05-07,29584982.0
2018-05-08,23996888.0
2018-05-09,24006329.0
2018-05-10,29220087.0
2018-05-11,29200576.0
2018-05-12,29180118.0
2018-05-13,29161024.0
2018-05-14,29172651.0
2018-05-15,29192404.0
2018-05-16,27637293.0
2018-05-17,27621514.0
2018-05-18,26702764.0
2018-05-19,30301579.0
2018-05-20,30305637.0
2018-05-21,30318592.0
2018-05-22,29046638.0
2018-05-23,29017571.0
2018-05-24,28956511.0
2018-05-25,28999900.0
2018-05-26,28971623.0
2018-05-27,24783617.0
2018-05-28,24794527.0
2018-05-29,24743844.0
2018-05-30,31952258.0
2018-05-31,31943323.0
2018-06-01,31963581.0
2018-06-02,31952510.0
2018-06-03,31986000.0
2018-06-04,30750887.0
2018-06-05,30741186.0
2018-06-06,30734367.0
2018-06-07,30749864.0
2018-06-08,30135166.0
2018-06-09,30137891.0
2018-06-10,30134960.0
2018-06-11,20200363.0
2018-06-12,20202458.0
2018-06-13,20177422.0
2018-06-14,20171150.0
2018-06-15,21673737.0
2018-06-16,21665463.0
2018-06-17,24002627.0
2018-06-18,24004364.0
2018-06-19,24031704.0
2018-06-20,24037291.0
2018-06-21,24045886.0
2018-06-22,23763827.0
2018-06-23,21165759.0
2018-06-24,21175105.0
2018-06-25,21162437.0
2018-06-26,21165475.0
2018-06-27,19744994.0
2018-06-28,19764441.0
2018-06-29,19771694.0
2018-06-30,22475278.0
2018-07-01,22483726.0
2018-07-02,22490475.0
2018-07-03,22513321.0
2018-07-04,22493042.0
2018-07-05,22510025.0
2018-07-06,22526670.0
2018-07-07,22495522.0
2018-07-08,25093689.0
2018-07-09,23126728.0
2018-07-10,19628038.0
2018-07-11,19573614.0
2018-07-12,19899688.0
2018-07-13,19890030.0
2018-07-14,19896837.0
2018-07-15,19888431.0
2018-07-16,19913834.0
2018-07-17,19929339.0
2018-07-18,19924898.0
2018-07-19,19894895.0
2018-07-20,20149827.0
2018-07-21,20590476.0
2018-07-22,20596340.0
2018-07-23,20605860.0
2018-07-24,20578762.0
2018-07-25,20265462.0
2018-07-26,20259382.0
2018-07-27,20250097.0
2018-07-28,17813102.0
2018-07-29,17815710.0
2018-07-30,17814972.0
2018-07-31,17810324.0
2018-08-01,17795180.0
2018-08-02,16575227.0
2018-08-03,16575865.0
2018-08-04,16174201.0
2018-08-05,16159086.0
2018-08-06,358439.0
2018-08-07,367117.0
2018-08-08,367758.0
2018-08-09,340001.0
2018-08-10,337587.0
2018-08-11,16800664.0
2018-08-12,16800809.0
2018-08-13,16533578.0
2018-08-14,16535473.0
2018-08-15,16534267.0
2018-08-16,16552382.0
2018-08-17,16562358.0
2018-08-18,16790597.0
2018-08-19,16788445.0
2018-08-20,16786536.0
2018-08-21,16782137.0
2018-08-22,16948572.0
2018-08-23,12059764.0
2018-08-24,14320257.0
2018-08-25,12189870.0
2018-08-26,13119602.0
2018-08-27,20787329.0
2018-08-28,21681043.0
2018-08-29,13842550.0
2018-08-30,13838204.0
2018-08-31,13826746.0
2018-09-01,33918185.0
2018-09-02,34461150.0
2018-09-03,34454043.0
2018-09-04,34394921.0
2018-09-05,34281081.0
2018-09-06,34141470.0
2018-09-07,31632459.0
2018-09-08,31627730.0
2018-09-09,31565234.0
2018-09-10,30914431.0
2018-09-11,32694805.0
2018-09-12,32416971.0
2018-09-13,32697437.0
2018-09-14,31981413.0
2018-09-15,17286027.0
2018-09-16,18181250.0
2018-09-17,16785441.0
2018-09-18,17156973.0
2018-09-19,17052370.0
2018-09-20,17295231.0
2018-09-21,17467378.0
2018-09-22,17735981.0
2018-09-23,12120894.0
2018-09-24,12001453.0
2018-09-25,10599223.0
2018-09-26,15541932.0
2018-09-27,11336827.0
2018-09-28,14120352.0
2018-09-29,15375082.0
2018-09-30,15840876.0
2018-10-01,16736615.0
2018-10-02,17016009.0
2018-10-03,16680954.0
2018-10-04,14741093.0
2018-10-05,15414443.0
2018-10-06,16097534.0
2018-10-07,15813653.0
2018-10-08,14055504.0
2018-10-09,14110331.0
2018-10-10,14232859.0
2018-10-11,14193284.0
2018-10-12,11928443.0
2018-10-13,12858389.0
2018-10-14,13118608.0
2018-10-15,13107525.0
2018-10-16,15120367.0
2018-10-17,14676038.0
2018-10-18,16459120.0
2018-10-19,15766661.0
2018-10-20,16173353.0
2018-10-21,15344886.0
2018-10-22,16626445.0
2018-10-23,17177485.0
2018-10-24,17060213.0
2018-10-25,17745805.0
2018-10-26,18335693.0
2018-10-27,16297339.0
2018-10-28,18124774.0
2018-10-29,18378903.0
2018-10-30,17137508.0
2018-10-31,15904405.0
2018-11-01,16170857.0
2018-11-02,16004698.0
2018-11-03,11825468.0
2018-11-04,18343307.0
2018-11-05,16132848.0
2018-11-06,16123521.0
2018-11-07,16610845.0
2018-11-08,16583198.0
2018-11-09,15826144.0
2018-11-10,15734245.0
2018-11-11,16062153.0
2018-11-12,15554185.0
2018-11-13,15761892.0
2018-11-14,15442880.0
2018-11-15,12952073.0
2018-11-16,12990309.0
2018-11-17,12813281.0
2018-11-18,12519141.0
2018-11-19,23183102.0
2018-11-20,10263670.0
2018-11-21,8741508.0
2018-11-22,9535385.0
2018-11-23,10694808.0
2018-11-24,10583791.0
2018-11-25,9642573.0
2018-11-26,10688756.0
2018-11-27,10013259.0
2018-11-28,11008664.0
2018-11-29,12544817.0
2018-11-30,12491893.0
2018-12-01,12166000.0
2018-12-02,13221851.0
2018-12-03,12384552.0
2018-12-04,10976654.0
2018-12-05,10974056.0
2018-12-06,9090091.0
2018-12-07,8277595.0
2018-12-08,8813639.0
2018-12-09,9296580.0
2018-12-10,8282530.0
2018-12-11,8164333.0
2018-12-12,8027331.0
2018-12-13,8382716.0
2018-12-14,7975874.0
2018-12-15,7395409.0
2018-12-16,7772209.0
2018-12-17,8236167.0
2018-12-18,9340631.0
2018-12-19,9786858.0
2018-12-20,9593244.0
2018-12-21,10845835.0
2018-12-22,11597399.0
2018-12-23,12002498.0
2018-12-24,13135497.0
2018-12-25,14344601.0
2018-12-26,13105091.0
2018-12-27,13964751.0
2018-12-28,12584979.0
2018-12-29,12995052.0
2018-12-30,4149781.0
2018-12-31,3926020.0
2019-01-01,3802744.0
2019-01-02,4008486.0
2019-01-03,5319596.0
2019-01-04,289570752.0
2019-01-05,304883618.0
2019-01-06,314016364.0
2019-01-07,302615159.0
2019-01-08,301528544.0
2019-01-09,294935504.0
2019-01-10,122685489.0
2019-01-11,260106725.0
2019-01-12,292940172.0
2019-01-13,260217997.0
2019-01-14,194196424.0
2019-01-15,263607393.0
2019-01-16,264927702.0
2019-01-17,270539227.0
2019-01-18,279843104.0
2019-01-19,246234892.0
2019-01-20,253866163.0
2019-01-21,250653941.0
2019-01-22,242704516.0
2019-01-23,238042263.0
2019-01-24,245751182.0
2019-01-25,243997393.0
2019-01-26,244144401.0
2019-01-27,247621419.0
2019-01-28,241999811.0
2019-01-29,113101993.0
2019-01-30,220276514.0
2019-01-31,224991272.0
2019-02-01,230868863.0
2019-02-02,229338297.0
2019-02-03,232341479.0
2019-02-04,232426627.0
2019-02-05,231779965.0
2019-02-06,233650015.0
2019-02-07,225717422.0
2019-02-08,231314639.0
2019-02-09,237932307.0
2019-02-10,263945502.0
2019-02-11,261409662.0
2019-02-12,266842887.0
2019-02-13,265032641.0
2019-02-14,270656042.0
2019-02-15,267234814.0
2019-02-16,279959533.0
2019-02-17,271616640.0
2019-02-18,284669961.0
2019-02-19,308871100.0
2019-02-20,328181470.0
2019-02-21,325575107.0
2019-02-22,325103155.0
2019-02-23,333555760.0
2019-02-24,335154182.0
2019-02-25,367148268.0
2019-02-26,313312485.0
2019-02-27,312348327.0
2019-02-28,315587243.0
2019-03-01,313264205.0
2019-03-02,317917225.0
2019-03-03,306928585.0
2019-03-04,308802967.0
2019-03-05,291872587.0
2019-03-06,299413989.0
2019-03-07,323339859.0
2019-03-08,325847315.0
2019-03-09,317686632.0
2019-03-10,327652303.0
2019-03-11,317114163.0
2019-03-12,314311842.0
2019-03-13,316017852.0
2019-03-14,310309736.0
2019-03-15,313273709.0
2019-03-16,319734544.0
2019-03-17,338848314.0
2019-03-18,338427917.0
2019-03-19,334112955.0
2019-03-20,331367254.0
2019-03-21,332058133.0
2019-03-22,329173533.0
2019-03-23,321656817.0
2019-03-24,324065528.0
2019-03-25,324888324.0
2019-03-26,319263059.0
2019-03-27,316212716.0
2019-03-28,331333288.0
2019-03-29,325149316.0
2019-03-30,334364887.0
2019-03-31,340535136.0
2019-04-01,337701754.0
2019-04-02,335250863.0
2019-04-03,366236322.0
2019-04-04,397580056.0
2019-04-05,382233613.0
2019-04-06,391714035.0
2019-04-07,391038985.0
2019-04-08,402160711.0
2019-04-09,422159412.0
2019-04-10,421201009.0
2019-04-11,431439729.0
2019-04-12,395146858.0
2019-04-13,396666901.0
2019-04-14,389297705.0
2019-04-15,389969859.0
2019-04-16,392816437.0
2019-04-17,383270419.0
2019-04-18,396528397.0
2019-04-19,402965067.0
2019-04-20,405717234.0
2019-04-21,399268586.0
2019-04-22,389058388.0
2019-04-23,396465156.0
2019-04-24,403778689.0
2019-04-25,379574360.0
2019-04-26,374166223.0
2019-04-27,358142236.0
2019-04-28,356347839.0
2019-04-29,360706733.0
2019-04-30,350720090.0
2019-05-01,366040359.0
2019-05-02,373150581.0
2019-05-03,366280821.0
2019-05-04,374710083.0
2019-05-05,369623355.0
2019-05-06,370720025.0
2019-05-07,371812432.0
2019-05-08,401884732.0
2019-05-09,381494784.0
2019-05-10,382347193.0
2019-05-11,379417947.0
2019-05-12,408271891.0
2019-05-13,412618171.0
2019-05-14,419161736.0
2019-05-15,447956743.0
2019-05-16,493000950.0
2019-05-17,499481561.0
2019-05-18,463518933.0
2019-05-19,473558178.0
2019-05-20,505820225.0
2019-05-21,496279202.0
2019-05-22,495087452.0
2019-05-23,497002142.0
2019-05-24,476495368.0
2019-05-25,494995333.0
2019-05-26,502451751.0
2019-05-27,487371992.0
2019-05-28,514872051.0
2019-05-29,498987033.0
2019-05-30,494627934.0
2019-05-31,512537933.0
2019-06-01,472847399.0
2019-06-02,497830025.0
2019-06-03,500127190.0
2019-06-04,485851448.0
2019-06-05,455464631.0
2019-06-06,458331950.0
2019-06-07,461237618.0
2019-06-08,465315261.0
2019-06-09,465711379.0
2019-06-10,456916372.0
2019-06-11,458463024.0
2019-06-12,452611499.0
2019-06-13,470698244.0
2019-06-14,481696600.0
2019-06-15,480287425.0
2019-06-16,491502339.0
2019-06-17,505563829.0
2019-06-18,508648762.0
2019-06-19,500888028.0
2019-06-20,499846692.0
2019-06-21,503507244.0
2019-06-22,540552020.0
2019-06-23,568785450.0
2019-06-24,567445764.0
2019-06-25,573143459.0
2019-06-26,568708212.0
2019-06-27,591078274.0
2019-06-28,552910720.0
2019-06-29,543051020.0
2019-06-30,542532241.0
2019-07-01,531461064.0
2019-07-02,525350725.0
2019-07-03,502883500.0
2019-07-04,530495517.0
2019-07-05,534615690.0
2019-07-06,532710865.0
2019-07-07,524221247.0
2019-07-08,534477607.0
2019-07-09,560331576.0
2019-07-10,563890234.0
2019-07-11,551630909.0
2019-07-12,502577319.0
2019-07-13,506751356.0
2019-07-14,492044116.0
2019-07-15,454555786.0
2019-07-16,451334563.0
2019-07-17,461975687.0
2019-07-18,443736851.0
2019-07-19,436985774.0
2019-07-20,437208909.0
2019-07-21,452675725.0
2019-07-22,487291800.0
2019-07-23,434230255.0
2019-07-24,409186274.0
2019-07-25,448443317.0
2019-07-26,428073197.0
2019-07-27,422243898.0
2019-07-28,402767290.0
2019-07-29,407166104.0
2019-07-30,406781868.0
2019-07-31,408697642.0
2019-08-01,417633282.0
2019-08-02,418221061.0
2019-08-03,428073353.0
2019-08-04,431471834.0
2019-08-05,429764804.0
2019-08-06,454195125.0
2019-08-07,436040933.0
2019-08-08,433419583.0
2019-08-09,452962074.0
2019-08-10,436374290.0
2019-08-11,428714829.0
2019-08-12,441895509.0
2019-08-13,442896825.0
2019-08-14,451379386.0
2019-08-15,433576742.0
2019-08-16,412932231.0
2019-08-17,417466602.0
2019-08-18,416010185.0
2019-08-19,431515559.0
2019-08-20,452669640.0
2019-08-21,443632021.0
2019-08-22,431246765.0
2019-08-23,430470024.0
2019-08-24,435344422.0
2019-08-25,434835163.0
2019-08-26,436731046.0
2019-08-27,435634766.0
2019-08-28,438418831.0
2019-08-29,434881647.0
2019-08-30,420084933.0
2019-08-31,419174143.0
2019-09-01,414229850.0
2019-09-02,419822865.0
2019-09-03,427393987.0
2019-09-04,446062511.0
2019-09-05,441680361.0
2019-09-06,430397388.0
2019-09-07,432542951.0
2019-09-08,431670284.0
2019-09-09,444064062.0
2019-09-10,454119915.0
2019-09-11,448765165.0
2019-09-12,448360732.0
2019-09-13,453065654.0
2019-09-14,449959697.0
2019-09-15,448075648.0
2019-09-16,476918786.0
2019-09-17,490743644.0
2019-09-18,504647334.0
2019-09-19,524619550.0
2019-09-20,521270612.0
2019-09-21,534853682.0
2019-09-22,531410497.0
2019-09-23,521089432.0
2019-09-24,513747689.0
2019-09-25,473798880.0
2019-09-26,429765681.0
2019-09-27,448885279.0
2019-09-28,448305047.0
2019-09-29,459055196.0
2019-09-30,449392756.0
2019-10-01,460478737.0
2019-10-02,468467860.0
2019-10-03,469759575.0
2019-10-04,464886362.0
2019-10-05,464292908.0
2019-10-06,458924231.0
2019-10-07,457835664.0
2019-10-08,469556828.0
2019-10-09,479618450.0
2019-10-10,497798465.0
2019-10-11,507867466.0
2019-10-12,495437951.0
2019-10-13,491387221.0
2019-10-14,495508497.0
2019-10-15,494457857.0
2019-10-16,491295305.0
2019-10-17,485289283.0
2019-10-18,488902927.0
2019-10-19,483195757.0
2019-10-20,484359011.0
2019-10-21,482779013.0
2019-10-22,501495158.0
2019-10-23,501612538.0
2019-10-24,504293040.0
2019-10-25,487781757.0
2019-10-26,536564631.0
2019-10-27,552363304.0
2019-10-28,585884484.0
2019-10-29,591157220.0
2019-10-30,598073585.0
2019-10-31,579395203.0
2019-11-01,558561779.0
2019-11-02,557071114.0
2019-11-03,557849668.0
2019-11-04,555886499.0
2019-11-05,592041728.0
2019-11-06,595937674.0
2019-11-07,597909996.0
2019-11-08,586054174.0
2019-11-09,600199426.0
2019-11-10,599493501.0
2019-11-11,583384591.0
2019-11-12,598450857.0
2019-11-13,604460707.0
2019-11-14,601074950.0
2019-11-15,596137614.0
2019-11-16,573659308.0
2019-11-17,583648172.0
2019-11-18,599124673.0
2019-11-19,608190626.0
2019-11-20,606769946.0
2019-11-21,605215546.0
2019-11-22,602025708.0
2019-11-23,568695755.0
2019-11-24,574619036.0
2019-11-25,588834677.0
2019-11-26,598978707.0
2019-11-27,614130077.0
2019-11-28,645973332.0
2019-11-29,646738314.0
2019-11-30,623022852.0
2019-12-01,618998157.0
2019-12-02,592530843.0
2019-12-03,624871193.0
2019-12-04,619422598.0
2019-12-05,616758251.0
2019-12-06,614418082.0
2019-12-07,607765633.0
2019-12-08,606638338.0
2019-12-09,630375654.0
2019-12-10,627975429.0
2019-12-11,608680182.0
2019-12-12,607080709.0
2019-12-13,617521228.0
2019-12-14,611408968.0
2019-12-15,613549511.0
2019-12-16,623841597.0
2019-12-17,614464203.0
2019-12-18,582714940.0
2019-12-19,574674054.0
2019-12-20,592958634.0
2019-12-21,596259664.0
2019-12-22,597689907.0
2019-12-23,609592628.0
2019-12-24,614842712.0
2019-12-25,604710916.0
2019-12-26,594297587.0
2019-12-27,589013702.0
2019-12-28,585762476.0
2019-12-29,594827274.0
2019-12-30,603662457.0
2019-12-31,609578786.0
2020-01-01,606094144.0
2020-01-02,605260224.0
2020-01-03,599700961.0
2020-01-04,609194464.0
2020-01-05,608225875.0
2020-01-06,610140084.0
2020-01-07,609488563.0
2020-01-08,616940071.0
2020-01-09,627337915.0
2020-01-10,591002739.0
2020-01-11,585697860.0
2020-01-12,615427563.0
2020-01-13,619481866.0
2020-01-14,627897116.0
2020-01-15,677754524.0
2020-01-16,700335339.0
2020-01-17,704767165.0
2020-01-18,729580177.0
2020-01-19,720435461.0
2020-01-20,700193516.0
2020-01-21,698828005.0
2020-01-22,728094072.0
2020-01-23,717928005.0
2020-01-24,698880694.0
2020-01-25,694165601.0
2020-01-26,701940467.0
2020-01-27,709907244.0
2020-01-28,745635194.0
2020-01-29,760463093.0
2020-01-30,772944085.0
2020-01-31,781557542.0
2020-02-01,794204774.0
2020-02-02,804187470.0
2020-02-03,814154940.0
2020-02-04,808800998.0
2020-02-05,805940611.0
2020-02-06,838576557.0
2020-02-07,878624778.0
2020-02-08,891727767.0
2020-02-09,901519597.0
2020-02-10,889444973.0
2020-02-11,882783893.0
2020-02-12,896848641.0
2020-02-13,987054648.0
2020-02-14,1011705815.0
2020-02-15,1045119349.0
2020-02-16,1041206488.0
2020-02-17,1003854491.0
2020-02-18,968978260.0
2020-02-19,1032769866.0
2020-02-20,956123481.0
2020-02-21,896019923.0
2020-02-22,914739349.0
2020-02-23,921830239.0
2020-02-24,945222348.0
2020-02-25,937314876.0
2020-02-26,895231268.0
2020-02-27,835945023.0
2020-02-28,829811516.0
2020-02-29,811948702.0
2020-03-01,828293436.0
2020-03-02,815453026.0
2020-03-03,818795704.0
2020-03-04,833516907.0
2020-03-05,813432960.0
2020-03-06,824903310.0
2020-03-07,850504891.0
2020-03-08,849998127.0
2020-03-09,781909022.0
2020-03-10,752107406.0
2020-03-11,770000473.0
2020-03-12,665641906.0
2020-03-13,525851096.0
2020-03-14,514778002.0
2020-03-15,484409708.0
2020-03-16,448184299.0
2020-03-17,434318818.0
2020-03-18,448529183.0
2020-03-19,445124343.0
2020-03-20,493642228.0
2020-03-21,517392587.0
2020-03-22,497837898.0
2020-03-23,476912091.0
2020-03-24,486317736.0
2020-03-25,526959232.0
2020-03-26,517665933.0
2020-03-27,527549814.0
2020-03-28,524942287.0
2020-03-29,509393752.0
2020-03-30,510937039.0
2020-03-31,534587501.0
2020-04-01,538376176.0
2020-04-02,538121598.0
2020-04-03,565868238.0
2020-04-04,578553007.0
2020-04-05,570144871.0
2020-04-06,577880379.0
2020-04-07,621895422.0
2020-04-08,647701695.0
2020-04-09,630170852.0
2020-04-10,611977022.0
2020-04-11,592765664.0
2020-04-12,589826842.0
2020-04-13,592503414.0
2020-04-14,585227311.0
2020-04-15,591533900.0
2020-04-16,588991734.0
2020-04-17,629446719.0
2020-04-18,630898211.0
2020-04-19,658250604.0
2020-04-20,672866021.0
2020-04-21,664914576.0
2020-04-22,648027848.0
2020-04-23,669556852.0
2020-04-24,676641578.0
2020-04-25,683341353.0
2020-04-26,697361971.0
2020-04-27,719337412.0
2020-04-28,722085076.0
2020-04-29,728167140.0
2020-04-30,767906915.0
2020-05-01,761478823.0
2020-05-02,767298058.0
2020-05-03,786258081.0
2020-05-04,779147498.0
2020-05-05,747930398.0
2020-05-06,778277487.0
2020-05-07,783840135.0
2020-05-08,777823899.0
2020-05-09,795417922.0
2020-05-10,797271459.0
2020-05-11,740775650.0
2020-05-12,724299529.0
2020-05-13,732558911.0
2020-05-14,726564700.0
2020-05-15,748941423.0
2020-05-16,737205932.0
2020-05-17,748126855.0
2020-05-18,750396553.0
2020-05-19,780951924.0
2020-05-20,833141935.0
2020-05-21,843826338.0
2020-05-22,818852707.0
2020-05-23,834623115.0
2020-05-24,836650227.0
2020-05-25,826134440.0
2020-05-26,821527685.0
2020-05-27,824166971.0
2020-05-28,833777143.0
2020-05-29,835296058.0
2020-05-30,860461043.0
2020-05-31,922003392.0
2020-06-01,932138792.0
2020-06-02,932589534.0
2020-06-03,961083535.0
2020-06-04,947052111.0
2020-06-05,965359060.0
2020-06-06,969586732.0
2020-06-07,968813914.0
2020-06-08,970008062.0
2020-06-09,975017952.0
2020-06-10,932375728.0
2020-06-11,946503846.0
2020-06-12,974272676.0
2020-06-13,973521611.0
2020-06-14,962436658.0
2020-06-15,944477943.0
2020-06-16,940672280.0
2020-06-17,1061094488.0
2020-06-18,1105540779.0
2020-06-19,1204604021.0
2020-06-20,1327349271.0
2020-06-21,1416669467.0
2020-06-22,1490653109.0
2020-06-23,1522333767.0
2020-06-24,1586636307.0
2020-06-25,1640441438.0
2020-06-26,1651089134.0
2020-06-27,1662901923.0
2020-06-28,1666854521.0
2020-06-29,1677355172.0
2020-06-30,1663748788.0
2020-07-01,1670850694.0
2020-07-02,1764777082.0
2020-07-03,1772901599.0
2020-07-04,1812469054.0
2020-07-05,1861224169.0
2020-07-06,1898045285.0
2020-07-07,1972462717.0
2020-07-08,2055942187.0
2020-07-09,2125543591.0
2020-07-10,2133734500.0
2020-07-11,2126408703.0
2020-07-12,2173923037.0
2020-07-13,2205398117.0
2020-07-14,2169248091.0
2020-07-15,2195390062.0
2020-07-16,2213524384.0
2020-07-17,2258111784.0
2020-07-18,2298315381.0
2020-07-19,2348525267.0
2020-07-20,2590383033.0
2020-07-21,2746186942.0
2020-07-22,2894266070.0
2020-07-23,3011436225.0
2020-07-24,3228090245.0
2020-07-25,3260769871.0
2020-07-26,3266427323.0
2020-07-27,3196840509.0
2020-07-28,3221568027.0
2020-07-29,3198928338.0
2020-07-30,3325120382.0
2020-07-31,3426725571.0
2020-08-01,3648572252.0
2020-08-02,3673641292.0
2020-08-03,3737402643.0
2020-08-04,3860160819.0
2020-08-05,3998888072.0
2020-08-06,4042749089.0
2020-08-07,4018369221.0
2020-08-08,4050812131.0
2020-08-09,4149123931.0
2020-08-10,4279970436.0
2020-08-11,4274720878.0
2020-08-12,4289913464.0
2020-08-13,4240334938.0
2020-08-14,4442292002.0
2020-08-15,5448312988.0
2020-08-16,5581089568.0
2020-08-17,5827303563.0
2020-08-18,5961340560.0
2020-08-19,5889965506.0
2020-08-20,5968164262.0
2020-08-21,6089881006.0
2020-08-22,5965629985.0
2020-08-23,6121622438.0
2020-08-24,6139782716.0
2020-08-25,6328266930.0
2020-08-26,6428640894.0
2020-08-27,6658236581.0
2020-08-28,6643211146.0
2020-08-29,7080432905.0
2020-08-30,7333063262.0
2020-08-31,7757328031.0
2020-09-01,8151918371.0
2020-09-02,8832690949.0
2020-09-03,8660171784.0
2020-09-04,8191541382.0
2020-09-05,8151087454.0
2020-09-06,6971328714.0
2020-09-07,7203836710.0
2020-09-08,7250758636.0
2020-09-09,8207846698.0
2020-09-10,7286283984.0
2020-09-11,8379632562.0
2020-09-12,8014646703.0
2020-09-13,7566579658.0
2020-09-14,7907995994.0
2020-09-15,8083049609.0
2020-09-16,7998899209.0
2020-09-17,7608636948.0
2020-09-18,8149255918.0
2020-09-19,8682384432.0
2020-09-20,9344197387.0
2020-09-21,9383345485.0
2020-09-22,8789787703.0
2020-09-23,8842556929.0
2020-09-24,8933496740.0
2020-09-25,9229653073.0
2020-09-26,9459568428.0
2020-09-27,9715772816.0
2020-09-28,9732238709.0
2020-09-29,9800292611.0
2020-09-30,9723391137.0
2020-10-01,9696330118.0
2020-10-02,9619202861.0
2020-10-03,9358812909.0
2020-10-04,9450541728.0
2020-10-05,9423401475.0
2020-10-06,9241603549.0
2020-10-07,8813445169.0
2020-10-08,8686320984.0
2020-10-09,8952732638.0
2020-10-10,9365495820.0
2020-10-11,9445789708.0
2020-10-12,9543575173.0
2020-10-13,9604117059.0
2020-10-14,9653801633.0
2020-10-15,9550043215.0
2020-10-16,9472203001.0
2020-10-17,9310800803.0
2020-10-18,9282165218.0
2020-10-19,9384641294.0
2020-10-20,9353042404.0
2020-10-21,9192813650.0
2020-10-22,9315812210.0
2020-10-23,9513315764.0
2020-10-24,9555889223.0
2020-10-25,9664767856.0
2020-10-26,9860074182.0
2020-10-27,9405216621.0
2020-10-28,9616219281.0
2020-10-29,9554977382.0
2020-10-30,9354083719.0
2020-10-31,9303183060.0
2020-11-01,9410786504.0
2020-11-02,9426976557.0
2020-11-03,9200512431.0
2020-11-04,9203161078.0
2020-11-05,9297227900.0
2020-11-06,9676852183.0
2020-11-07,10169183936.0
2020-11-08,10183253280.0
2020-11-09,10499129423.0
2020-11-10,10771804247.0
2020-11-11,10969688860.0
2020-11-12,11184649404.0
2020-11-13,11202689776.0
2020-11-14,11400406564.0
2020-11-15,11376397443.0
2020-11-16,11370961095.0
2020-11-17,12013339141.0
2020-11-18,11145079484.0
2020-11-19,11238617212.0
2020-11-20,11432638959.0
2020-11-21,11848455815.0
2020-11-22,11917653111.0
2020-11-23,11567806348.0
2020-11-24,12056134685.0
2020-11-25,11927967172.0
2020-11-26,11554357106.0
2020-11-27,10736134698.0
2020-11-28,10752315259.0
2020-11-29,11156796114.0
2020-11-30,11826652790.0
2020-12-01,12302510915.0
2020-12-02,12259603141.0
2020-12-03,12395241406.0
2020-12-04,12399071571.0
2020-12-05,12051638941.0
2020-12-06,12362786464.0
2020-12-07,12390532749.0
2020-12-08,12423211490.0
2020-12-09,12036601410.0
2020-12-10,12044796791.0
2020-12-11,11763024442.0
2020-12-12,11677691501.0
2020-12-13,12125541427.0
2020-12-14,12402892813.0
2020-12-15,12512441275.0
2020-12-16,12756278701.0
2020-12-17,12950389738.0
2020-12-18,13309375438.0
2020-12-19,13508041421.0
2020-12-20,13660001326.0
2020-12-21,13316982566.0
2020-12-22,13135924931.0
2020-12-23,13469396707.0
2020-12-24,13182750574.0
2020-12-25,13408162131.0
2020-12-26,13937400134.0
2020-12-27,14021059994.0
2020-12-28,14258238561.0
2020-12-29,14909567946.0
2020-12-30,14641764227.0
2020-12-31,14552030007.0
2021-01-01,14717115471.0
2021-01-02,14978893175.0
2021-01-03,15596780590.0
2021-01-04,17050776906.0
2021-01-05,18269138416.0
2021-01-06,19776260982.0
2021-01-07,20580427339.0
2021-01-08,21261236127.0
2021-01-09,21439089698.0
2021-01-10,21675498188.0
2021-01-11,21191828913.0
2021-01-12,19491633800.0
2021-01-13,20112586550.0
2021-01-14,20569006405.0
2021-01-15,20838785981.0
2021-01-16,21250369076.0
2021-01-17,21657923900.0
2021-01-18,21854128208.0
2021-01-19,22451453959.0
2021-01-20,23197068362.0
2021-01-21,21903489598.0
2021-01-22,20589407812.0
2021-01-23,21558903543.0
2021-01-24,22461160679.0
2021-01-25,23777484777.0
2021-01-26,23861405630.0
2021-01-27,23311292382.0
2021-01-28,22958746762.0
2021-01-29,24183133944.0
2021-01-30,25244195366.0
2021-01-31,25076016832.0
2021-02-01,24953511565.0
2021-02-02,25702835935.0
2021-02-03,28695890494.0
2021-02-04,30617150836.0
2021-02-05,31939569235.0
2021-02-06,33296016239.0
2021-02-07,32865500685.0
2021-02-08,33120097063.0
2021-02-09,35378924823.0
2021-02-10,36726950041.0
2021-02-11,37685701701.0
2021-02-12,38529551875.0
2021-02-13,38232275943.0
2021-02-14,38022089335.0
2021-02-15,38380562434.0
2021-02-16,38077752206.0
2021-02-17,38600106385.0
2021-02-18,39235079675.0
2021-02-19,39943132606.0
2021-02-20,40801482739.0
2021-02-21,41689540615.0
2021-02-22,40959553457.0
2021-02-23,37068759171.0
2021-02-24,34452082608.0
2021-02-25,36236866335.0
2021-02-26,34979580959.0
2021-02-27,33898763131.0
2021-02-28,33566253248.0
2021-03-01,33755963344.0
2021-03-02,36280848884.0
2021-03-03,36968237688.0
2021-03-04,37867608687.0
2021-03-05,37344322033.0
2021-03-06,37071220098.0
2021-03-07,37373084333.0
2021-03-08,37228615320.0
2021-03-09,38449322789.0
2021-03-10,39958193920.0
2021-03-11,39378624387.0
2021-03-12,39539541877.0
2021-03-13,41683209489.0
2021-03-14,43848159866.0
2021-03-15,43354201119.0
2021-03-16,41965866399.0
2021-03-17,42457738698.0
2021-03-18,43208011299.0
2021-03-19,43303796395.0
2021-03-20,44417717674.0
2021-03-21,44853818028.0
2021-03-22,43571892451.0
2021-03-23,42594890881.0
2021-03-24,41552256207.0
2021-03-25,40764159924.0
2021-03-26,40002118964.0
2021-03-27,41859588525.0
2021-03-28,41775822319.0
2021-03-29,42290449097.0
2021-03-30,44540437248.0
2021-03-31,46479098572.0
2021-04-01,46689831403.0
2021-04-02,48212739354.0
2021-04-03,49684181562.0
2021-04-04,54927572513.0
2021-04-05,55714423914.0
2021-04-06,56653612718.0
2021-04-07,56894514206.0
2021-04-08,52963339041.0
2021-04-09,55130203889.0
2021-04-10,55638199180.0
2021-04-11,56632070876.0
2021-04-12,56477439128.0
2021-04-13,57230197424.0
2021-04-14,59387165489.0
2021-04-15,62266192869.0
2021-04-16,63881985523.0
2021-04-17,64092841263.0
2021-04-18,63245632953.0
2021-04-19,59024801269.0
2021-04-20,59179492077.0
2021-04-21,60411328340.0
2021-04-22,60708182774.0
2021-04-23,62461173409.0
2021-04-24,59134991394.0
2021-04-25,56974053402.0
2021-04-26,58933698606.0
2021-04-27,64386658983.0
2021-04-28,66509933976.0
2021-04-29,68465356835.0
2021-04-30,66349820877.0
2021-05-01,67485378084.0
2021-05-02,69558738877.0
2021-05-03,70118274270.0
2021-05-04,75397901424.0
2021-05-05,75461083418.0
2021-05-06,76754194992.0
2021-05-07,78718821866.0
2021-05-08,78269741513.0
2021-05-09,81301662759.0
2021-05-10,82926062031.0
2021-05-11,83512190663.0
2021-05-12,84360839582.0
2021-05-13,83275749269.0
2021-05-14,78276975612.0
2021-05-15,81739444264.0
2021-05-16,78723499470.0
2021-05-17,77076068900.0
2021-05-18,74451695361.0
2021-05-19,71848931145.0
2021-05-20,60740603108.0
2021-05-21,60560094806.0
2021-05-22,57920875258.0
2021-05-23,52722538328.0
2021-05-24,50151973679.0
2021-05-25,56203430916.0
2021-05-26,58075468237.0
2021-05-27,61839815825.0
2021-05-28,60380755014.0
2021-05-29,55836897152.0
2021-05-30,54538578802.0
2021-05-31,57474107972.0
2021-06-01,59961164491.0
2021-06-02,61003811780.0
2021-06-03,63968244145.0
2021-06-04,64649728007.0
2021-06-05,62298322860.0
2021-06-06,62887108620.0
2021-06-07,63614720919.0
2021-06-08,63196066212.0
2021-06-09,61679706511.0
2021-06-10,63067265282.0
2021-06-11,61378907526.0
2021-06-12,60002650720.0
2021-06-13,60008800074.0
2021-06-14,61821204249.0
2021-06-15,63497384464.0
2021-06-16,63833078714.0
2021-06-17,61108225544.0
2021-06-18,59712055770.0
2021-06-19,58245694670.0
2021-06-20,57650979938.0
2021-06-21,54300989892.0
2021-06-22,49881584597.0
2021-06-23,49924152649.0
2021-06-24,51598468938.0
2021-06-25,51729425009.0
2021-06-26,50058007131.0
2021-06-27,50355753821.0
2021-06-28,51920224221.0
2021-06-29,53753146904.0
2021-06-30,55327339236.0
2021-07-01,55576890394.0
2021-07-02,54803752498.0
2021-07-03,54784174752.0
2021-07-04,56766963180.0
2021-07-05,58062661339.0
2021-07-06,58123991976.0
2021-07-07,60000103234.0
2021-07-08,60128004562.0
2021-07-09,57861769349.0
2021-07-10,57854031164.0
2021-07-11,58450588728.0
2021-07-12,58027985412.0
2021-07-13,56668113719.0
2021-07-14,55832578376.0
2021-07-15,55762722350.0
2021-07-16,54708408176.0
2021-07-17,54161717509.0
2021-07-18,54668811009.0
2021-07-19,54312373965.0
2021-07-20,52794590048.0
2021-07-21,52911814933.0
2021-07-22,55942538054.0
2021-07-23,55812665266.0
2021-07-24,57221120250.0
2021-07-25,58119626027.0
2021-07-26,59200648480.0
2021-07-27,60018001017.0
2021-07-28,61568903168.0
2021-07-29,61269818346.0
2021-07-30,62691080518.0
2021-07-31,64059560207.0
2021-08-01,64979256333.0
2021-08-02,64599098762.0
2021-08-03,64645608461.0
2021-08-04,64459785256.0
2021-08-05,66921094982.0
2021-08-06,68864435702.0
2021-08-07,70721026138.0
2021-08-08,73155130194.0
2021-08-09,72299411090.0
2021-08-10,73996301407.0
2021-08-11,73831824156.0
2021-08-12,74004562582.0
2021-08-13,73849270086.0
2021-08-14,77359941671.0
2021-08-15,76612820052.0
2021-08-16,76784169897.0
2021-08-17,74668677496.0
2021-08-18,73076645150.0
2021-08-19,74098509313.0
2021-08-20,76335323951.0
2021-08-21,78463198127.0
2021-08-22,77884097693.0
2021-08-23,78659010381.0
2021-08-24,79000458033.0
2021-08-25,77113660695.0
2021-08-26,77336327057.0
2021-08-27,76380620709.0
2021-08-28,78864364572.0
2021-08-29,78340279249.0
2021-08-30,77979864191.0
2021-08-31,78591270380.0
2021-09-01,82177206354.0
2021-09-02,86378270348.0
2021-09-03,86679058274.0
2021-09-04,88230737655.0
2021-09-05,88400041501.0
2021-09-06,89690093584.0
2021-09-07,87288236018.0
2021-09-08,80937371236.0
2021-09-09,80668771140.0
2021-09-10,79350976042.0
2021-09-11,77082864724.0
2021-09-12,78089491632.0
2021-09-13,79615828293.0
2021-09-14,78408320352.0
2021-09-15,82164353023.0
2021-09-16,84326447841.0
2021-09-17,83465478067.0
2021-09-18,81711141341.0
2021-09-19,81780239540.0
2021-09-20,78040392216.0
2021-09-21,71819275491.0
2021-09-22,71736279104.0
2021-09-23,76132408493.0
2021-09-24,76294532848.0
2021-09-25,74025931603.0
2021-09-26,74804140698.0
2021-09-27,75814553404.0
2021-09-28,73363611744.0
2021-09-29,72279323831.0
2021-09-30,73747857205.0
2021-10-01,76207691080.0
2021-10-02,79861802443.0
2021-10-03,81175850166.0
2021-10-04,81475562361.0
2021-10-05,81920885857.0
2021-10-06,83191195469.0
2021-10-07,84567895399.0
2021-10-08,83950773361.0
2021-10-09,83380565239.0
2021-10-10,83605903440.0
2021-10-11,81495669369.0
2021-10-12,83250838942.0
2021-10-13,83059370997.0
2021-10-14,85434264982.0
2021-10-15,88254778674.0
2021-10-16,90361453541.0
2021-10-17,90193004115.0
2021-10-18,90649126225.0
2021-10-19,89144463060.0
2021-10-20,91172582854.0
2021-10-21,97047001120.0
2021-10-22,95176238346.0
2021-10-23,93765032901.0
2021-10-24,96723687422.0
2021-10-25,95662309370.0
2021-10-26,97778506153.0
2021-10-27,96685401274.0
2021-10-28,93096794749.0
2021-10-29,98028159791.0
2021-10-30,95672042532.0
2021-10-31,93446977662.0
2021-11-01,93420365264.0
2021-11-02,94750748971.0
2021-11-03,100655909668.0
2021-11-04,101536799865.0
2021-11-05,101284975987.0
2021-11-06,100690009160.0
2021-11-07,101745288431.0
2021-11-08,104339664447.0
2021-11-09,107458598469.0
2021-11-10,106650954606.0
2021-11-11,104292429637.0
2021-11-12,105639752022.0
2021-11-13,104874944733.0
2021-11-14,105351486257.0
2021-11-15,105672131896.0
2021-11-16,103751409487.0
2021-11-17,98816311131.0
2021-11-18,100098214923.0
2021-11-19,95695084761.0
2021-11-20,100916877165.0
2021-11-21,103390090272.0
2021-11-22,101418354910.0
2021-11-23,97970589192.0
2021-11-24,102127755570.0
2021-11-25,101076715399.0
2021-11-26,104765309156.0
2021-11-27,96700781853.0
2021-11-28,97424900111.0
2021-11-29,100715820240.0
2021-11-30,102922662354.0
2021-12-01,105099634006.0
2021-12-02,104301176821.0
2021-12-03,103271063502.0
2021-12-04,98564514938.0
2021-12-05,94663283442.0
2021-12-06,95444089005.0
2021-12-07,98454714861.0
2021-12-08,98396355693.0
2021-12-09,100480767856.0
2021-12-10,95406808831.0
2021-12-11,92352745576.0
2021-12-12,94882493998.0
2021-12-13,95982741520.0
2021-12-14,90503771196.0
2021-12-15,91113762270.0
2021-12-16,94065329658.0
2021-12-17,93060811582.0
2021-12-18,91955105064.0
2021-12-19,93937386346.0
2021-12-20,93444346369.0
2021-12-21,92626484090.0
2021-12-22,95271208724.0
2021-12-23,94992345494.0
2021-12-24,97672207697.0
2021-12-25,96921165561.0
2021-12-26,98196305630.0
2021-12-27,98583172074.0
2021-12-28,98173748437.0
2021-12-29,94541056696.0
2021-12-30,92276171242.0
2021-12-31,92772944248.0
2022-01-01,92445274568.0
2022-01-02,94081300066.0
2022-01-03,95231747960.0
2022-01-04,95389299547.0
2022-01-05,95391754047.0
2022-01-06,91653002004.0
2022-01-07,90132586931.0
2022-01-08,87628159628.0
2022-01-09,85842731455.0
2022-01-10,86789072891.0
2022-01-11,85480071547.0
2022-01-12,87921351471.0
2022-01-13,89945109403.0
2022-01-14,87991527175.0
2022-01-15,88699062364.0
2022-01-16,89137496118.0
2022-01-17,89513745504.0
2022-01-18,87394920727.0
2022-01-19,87050959653.0
2022-01-20,86117469193.0
2022-01-21,84144588609.0
2022-01-22,75122869154.0
2022-01-23,70769720776.0
2022-01-24,72571934897.0
2022-01-25,70348273143.0
2022-01-26,71896659535.0
2022-01-27,72603010229.0
2022-01-28,67743462357.0
2022-01-29,68780649338.0
2022-01-30,70258933561.0
2022-01-31,69874254055.0
2022-02-01,70970297086.0
2022-02-02,72448166781.0
2022-02-03,70791608799.0
2022-02-04,71190935209.0
2022-02-05,75763275881.0
2022-02-06,76895161070.0
2022-02-07,77916134748.0
2022-02-08,79351460481.0
2022-02-09,79503031639.0
2022-02-10,80659227489.0
2022-02-11,78430643568.0
2022-02-12,76380308497.0
2022-02-13,76400351391.0
2022-02-14,75928417175.0
2022-02-15,76193927735.0
2022-02-16,79591078406.0
2022-02-17,79158742963.0
2022-02-18,75547228412.0
2022-02-19,74050228531.0
2022-02-20,73601008386.0
2022-02-21,71633606281.0
2022-02-22,70022060263.0
2022-02-23,70769567511.0
2022-02-24,69866508794.0
2022-02-25,69409908309.0
2022-02-26,70767599436.0
2022-02-27,70815256809.0
2022-02-28,68618663247.0
2022-03-01,72929678046.0
2022-03-02,73701359494.0
2022-03-03,73571173781.0
2022-03-04,71919036196.0
2022-03-05,68831200917.0
2022-03-06,69627544679.0
2022-03-07,68075864654.0
2022-03-08,67625462577.0
2022-03-09,68570632219.0
2022-03-10,71068404926.0
2022-03-11,69221860794.0
2022-03-12,68279342359.0
2022-03-13,68517114130.0
2022-03-14,67493591700.0
2022-03-15,68452317956.0
2022-03-16,68786221553.0
2022-03-17,71745246065.0
2022-03-18,71903421064.0
2022-03-19,73764840403.0
2022-03-20,73918423609.0
2022-03-21,72705286022.0
2022-03-22,75149457353.0
2022-03-23,76490726152.0
2022-03-24,77331681403.0
2022-03-25,78142154986.0
2022-03-26,77201090038.0
2022-03-27,77987475988.0
2022-03-28,80107115260.0
2022-03-29,80320676206.0
2022-03-30,81136469720.0
2022-03-31,81532283484.0
2022-04-01,77519959728.0
2022-04-02,80256488631.0
2022-04-03,79864141565.0
2022-04-04,80761409394.0
2022-04-05,80769674534.0
2022-04-06,78819421144.0
2022-04-07,75999098435.0
2022-04-08,77373295362.0
2022-04-09,76426248094.0
2022-04-10,77354179667.0
2022-04-11,76637289232.0
2022-04-12,72730154323.0
2022-04-13,73552849440.0
2022-04-14,74832552119.0
2022-04-15,73371242145.0
2022-04-16,73713179995.0
2022-04-17,74043294520.0
2022-04-18,72628934539.0
2022-04-19,73691314176.0
2022-04-20,74274125855.0
2022-04-21,74076566428.0
2022-04-22,72212089199.0
2022-04-23,71786877856.0
2022-04-24,71459550123.0
2022-04-25,71201850224.0
2022-04-26,73333572579.0
2022-04-27,70109589380.0
2022-04-28,71448622069.0
2022-04-29,71644250823.0
2022-04-30,69811758475.0
2022-05-01,67907051185.0
2022-05-02,68954295523.0
2022-05-03,68910210184.0
2022-05-04,68209364696.0
2022-05-05,70524724961.0
2022-05-06,67246422897.0
2022-05-07,66766751006.0
2022-05-08,64766166932.0
2022-05-09,62582752915.0
2022-05-10,57463709963.0
2022-05-11,57829403981.0
2022-05-12,49519276390.0
2022-05-13,45108175084.0
2022-05-14,45549868130.0
2022-05-15,45684160733.0
2022-05-16,46979243542.0
2022-05-17,45385838823.0
2022-05-18,46667365133.0
2022-05-19,44590053821.0
2022-05-20,46231602535.0
2022-05-21,44926148451.0
2022-05-22,45095514543.0
2022-05-23,46457127345.0
2022-05-24,45910381075.0
2022-05-25,46226968407.0
2022-05-26,45898406017.0
2022-05-27,43932563492.0
2022-05-28,43067424991.0
2022-05-29,43933165533.0
2022-05-30,44021403110.0
2022-05-31,46703256440.0
2022-06-01,46215373429.0
2022-06-02,44404037792.0
2022-06-03,44701061732.0
2022-06-04,43836206506.0
2022-06-05,43592527860.0
2022-06-06,43941520909.0
2022-06-07,44032486734.0
2022-06-08,44041662692.0
2022-06-09,43855790765.0
2022-06-10,43571381013.0
2022-06-11,41497449740.0
2022-06-12,39665753822.0
2022-06-13,38004351242.0
2022-06-14,33069549176.0
2022-06-15,32133620813.0
2022-06-16,31923686109.0
2022-06-17,29554641178.0
2022-06-18,29996389964.0
2022-06-19,28147099529.0
2022-06-20,29472368165.0
2022-06-21,29892547052.0
2022-06-22,29893655516.0
2022-06-23,29587152647.0
2022-06-24,30644439124.0
2022-06-25,31427555742.0
2022-06-26,31593301530.0
2022-06-27,31090861299.0
2022-06-28,30708219207.0
2022-06-29,29919340005.0
2022-06-30,29479279532.0
2022-07-01,29159053038.0
2022-07-02,29216726229.0
2022-07-03,29376083254.0
2022-07-04,29527069545.0
2022-07-05,30579347616.0
2022-07-06,30512777244.0
2022-07-07,31004982670.0
2022-07-08,31252119394.0
2022-07-09,30635028568.0
2022-07-10,30660985410.0
2022-07-11,29970430884.0
2022-07-12,29076053060.0
2022-07-13,28161154369.0
2022-07-14,28771865351.0
2022-07-15,29652764612.0
2022-07-16,30050098636.0
2022-07-17,30872371480.0
2022-07-18,30817779740.0
2022-07-19,33139380968.0
2022-07-20,33047197207.0
2022-07-21,32708957489.0
2022-07-22,33157584005.0
2022-07-23,33281684778.0
2022-07-24,33364727821.0
2022-07-25,34058418173.0
2022-07-26,32130492839.0
2022-07-27,32065354972.0
2022-07-28,34047917782.0
2022-07-29,35130874011.0
2022-07-30,34984982408.0
2022-07-31,34944364440.0
2022-08-01,34802749115.0
2022-08-02,34481840839.0
2022-08-03,34057608265.0
2022-08-04,34498729341.0
2022-08-05,34957081337.0
2022-08-06,35480921988.0
2022-08-07,35050083869.0
2022-08-08,35870543068.0
2022-08-09,35863016862.0
2022-08-10,34852152526.0
2022-08-11,36724604686.0
2022-08-12,36695182611.0
2022-08-13,36988055736.0
2022-08-14,37094708884.0
2022-08-15,36452411993.0
2022-08-16,36025661106.0
2022-08-17,36031319650.0
2022-08-18,35400628894.0
2022-08-19,35151855625.0
2022-08-20,32986604371.0
2022-08-21,32658984392.0
2022-08-22,32730300891.0
2022-08-23,32732098014.0
2022-08-24,32902464066.0
2022-08-25,33115574285.0
2022-08-26,33310467432.0
2022-08-27,31608659638.0
2022-08-28,31384111240.0
2022-08-29,30829450642.0
2022-08-30,31986078460.0
2022-08-31,31889557626.0
2022-09-01,31750479334.0
2022-09-02,32097859945.0
2022-09-03,32110914324.0
2022-09-04,31802636995.0
2022-09-05,31856713054.0
2022-09-06,32322430559.0
2022-09-07,30936263412.0
2022-09-08,31544054389.0
2022-09-09,31527119906.0
2022-09-10,32457985127.0
2022-09-11,32995068270.0
2022-09-12,32629831931.0
2022-09-13,32119178920.0
2022-09-14,30286370751.0
2022-09-15,29417443593.0
2022-09-16,28598987915.0
2022-09-17,28645105994.0
2022-09-18,29037572674.0
2022-09-19,28062011216.0
2022-09-20,28246274117.0
2022-09-21,28333754698.0
2022-09-22,27595702017.0
2022-09-23,28637036880.0
2022-09-24,28852539838.0
2022-09-25,28804699251.0
2022-09-26,28630985938.0
2022-09-27,29168830082.0
2022-09-28,29295432349.0
2022-09-29,29359635124.0
2022-09-30,29283956496.0
2022-10-01,29210469259.0
2022-10-02,29613976986.0
2022-10-03,29191859566.0
2022-10-04,29543315679.0
2022-10-05,29952177615.0
2022-10-06,30052095180.0
2022-10-07,30028000843.0
2022-10-08,29750283067.0
2022-10-09,29611145195.0
2022-10-10,29653496573.0
2022-10-11,29234601804.0
2022-10-12,29203782604.0
2022-10-13,29218540912.0
2022-10-14,28785821666.0
2022-10-15,28775134640.0
2022-10-16,28688942220.0
2022-10-17,29048886961.0
2022-10-18,29337578676.0
2022-10-19,29073332586.0
2022-10-20,28605955592.0
2022-10-21,28393191485.0
2022-10-22,28410314487.0
2022-10-23,28494861351.0
2022-10-24,29131863651.0
2022-10-25,28778036302.0
2022-10-26,29928016928.0
2022-10-27,30830274980.0
2022-10-28,30342799507.0
2022-10-29,30609545608.0
2022-10-30,31280700146.0
2022-10-31,30950794069.0
2022-11-01,30598112349.0
2022-11-02,30435000023.0
2022-11-03,29947486671.0
2022-11-04,30112154306.0
2022-11-05,31226294253.0
2022-11-06,31154965087.0
2022-11-07,30682529519.0
2022-11-08,30379692648.0
2022-11-09,26944071038.0
2022-11-10,23928607011.0
2022-11-11,25100906245.0
2022-11-12,24762728464.0
2022-11-13,24351751436.0
2022-11-14,23969122219.0
2022-11-15,24194149691.0
2022-11-16,24291673754.0
2022-11-17,24029571358.0
2022-11-18,23896352504.0
2022-11-19,23901300270.0
2022-11-20,23960680837.0
2022-11-21,23118680551.0
2022-11-22,22779214248.0
2022-11-23,22682434766.0
2022-11-24,23001272035.0
2022-11-25,22740507816.0
2022-11-26,22819132163.0
2022-11-27,22885478692.0
2022-11-28,22658149605.0
2022-11-29,22427933280.0
2022-11-30,23231755963.0
2022-12-01,23519185572.0
2022-12-02,23522619207.0
2022-12-03,23522690723.0
2022-12-04,23219137592.0
2022-12-05,23621376804.0
2022-12-06,23298184186.0
2022-12-07,23296857258.0
2022-12-08,23051270021.0
2022-12-09,23468276160.0
2022-12-10,23442139042.0
2022-12-11,23504797497.0
2022-12-12,23418405297.0
2022-12-13,23482467299.0
2022-12-14,23918066115.0
2022-12-15,23812801396.0
2022-12-16,23231637388.0
2022-12-17,22242880684.0
2022-12-18,22318891311.0
2022-12-19,22379106192.0
2022-12-20,22156411791.0
2022-12-21,22543742418.0
2022-12-22,22630587931.0
2022-12-23,22665769608.0
2022-12-24,22720603624.0
2022-12-25,22712536959.0
2022-12-26,22555957806.0
2022-12-27,22651370590.0
2022-12-28,22478740511.0
2022-12-29,22313961076.0
2022-12-30,22362782602.0
2022-12-31,22283999639.0
2023-01-01,22109657455.0
2023-01-02,22046650561.0
2023-01-03,22348226239.0
2023-01-04,22402375587.0
2023-01-05,22794534194.0
2023-01-06,22746608777.0
2023-01-07,22839300397.0
2023-01-08,22974689116.0
2023-01-09,23320836836.0
2023-01-10,23612255298.0
2023-01-11,23694191054.0
2023-01-12,24309032012.0
2023-01-13,24441859200.0
2023-01-14,25704022575.0
2023-01-15,25628015105.0
2023-01-16,25918098033.0
2023-01-17,25994192968.0
2023-01-18,26089795489.0
2023-01-19,25518044942.0
2023-01-20,25989016666.0
2023-01-21,27239349599.0
2023-01-22,27056960545.0
2023-01-23,27056524552.0
2023-01-24,27131879796.0
2023-01-25,26602035843.0
2023-01-26,27322058647.0
2023-01-27,27185898843.0
2023-01-28,27339074981.0
2023-01-29,27222972920.0
2023-01-30,27811338059.0
2023-01-31,27004608438.0
2023-02-01,27162296523.0
2023-02-02,28249508616.0
2023-02-03,27889047659.0
2023-02-04,28116682612.0
2023-02-05,28078476476.0
2023-02-06,27773414510.0
2023-02-07,27703836921.0
2023-02-08,28314961217.0
2023-02-09,28002197003.0
2023-02-10,26884369287.0
2023-02-11,26643807847.0
2023-02-12,26974030419.0
2023-02-13,26789656462.0
2023-02-14,26781931572.0
2023-02-15,27280304511.0
2023-02-16,28914526760.0
2023-02-17,28470073817.0
2023-02-18,29135584116.0
2023-02-19,29321295162.0
2023-02-20,29125451973.0
2023-02-21,29491054058.0
2023-02-22,28738202713.0
2023-02-23,28568405839.0
2023-02-24,28635437339.0
2023-02-25,28062930965.0
2023-02-26,27917979547.0
2023-02-27,28534463520.0
2023-02-28,28566409207.0
2023-03-01,28387126011.0
2023-03-02,28989497029.0
2023-03-03,28798578821.0
2023-03-04,27858423061.0
2023-03-05,27971490893.0
2023-03-06,27989013783.0
2023-03-07,27919777883.0
2023-03-08,27902726767.0
2023-03-09,27401804663.0
2023-03-10,26110320152.0
2023-03-11,25971039151.0
2023-03-12,25475099382.0
2023-03-13,27734356542.0
2023-03-14,27931925937.0
2023-03-15,28021999917.0
2023-03-16,27167100270.0
2023-03-17,27157347382.0
2023-03-18,28497491448.0
2023-03-19,28513855368.0
2023-03-20,28526938859.0
2023-03-21,28569959516.0
2023-03-22,29099750856.0
2023-03-23,28458556022.0
2023-03-24,29053688859.0
2023-03-25,28371983194.0
2023-03-26,28279121485.0
2023-03-27,28445814808.0
2023-03-28,27901706849.0
2023-03-29,28256022110.0
2023-03-30,28513691280.0
2023-03-31,28562845303.0
2023-04-01,28808828275.0
2023-04-02,28753619740.0
2023-04-03,28512837607.0
2023-04-04,28711017222.0
2023-04-05,29628174177.0
2023-04-06,29485876724.0
2023-04-07,29346241637.0
2023-04-08,29191589723.0
2023-04-09,29216082751.0
2023-04-10,29292132873.0
2023-04-11,29771103576.0
2023-04-12,29544234029.0
2023-04-13,29652184002.0
2023-04-14,31305362918.0
2023-04-15,31316672084.0
2023-04-16,31405024836.0
2023-04-17,31137421693.0
2023-04-18,30601545697.0
2023-04-19,30970312855.0
2023-04-20,29418368457.0
2023-04-21,29160738048.0
2023-04-22,28044801133.0
2023-04-23,28128570089.0
2023-04-24,28111579376.0
2023-04-25,27804093583.0
2023-04-26,28064136221.0
2023-04-27,28529163781.0
2023-04-28,28400919502.0
2023-04-29,28074143015.0
2023-04-30,28213081160.0
2023-05-01,27944207520.0
2023-05-02,27435492468.0
2023-05-03,27803063647.0
2023-05-04,28228540557.0
2023-05-05,27994599668.0
2023-05-06,29068746972.0
2023-05-07,28279680470.0
2023-05-08,27983213039.0
2023-05-09,27278846525.0
2023-05-10,27363288221.0
2023-05-11,27045028021.0
2023-05-12,26641929963.0
2023-05-13,26604967597.0
2023-05-14,26503513620.0
2023-05-15,26455942718.0
2023-05-16,26738860502.0
2023-05-17,26818100204.0
2023-05-18,26776994485.0
2023-05-19,26577730600.0
2023-05-20,26629141066.0
2023-05-21,26843417959.0
2023-05-22,26583653724.0
2023-05-23,26785292045.0
2023-05-24,27133285452.0
2023-05-25,26504130788.0
2023-05-26,26565803779.0
2023-05-27,26791072543.0
2023-05-28,26973467049.0
2023-05-29,27743554362.0
2023-05-30,27432441670.0
2023-05-31,27480249142.0
2023-06-01,26584912356.0
2023-06-02,26529605703.0
2023-06-03,26980314404.0
2023-06-04,26886715874.0
2023-06-05,26814386647.0
2023-06-06,25903814347.0
2023-06-07,26688802981.0
2023-06-08,26064440429.0
2023-06-09,26144521642.0
2023-06-10,25900205732.0
2023-06-11,24934316884.0
2023-06-12,24943472522.0
2023-06-13,24734386539.0
2023-06-14,24802082706.0
2023-06-15,23914452270.0
2023-06-16,23884944753.0
2023-06-17,24362400689.0
2023-06-18,24531135798.0
2023-06-19,24512892140.0
2023-06-20,24638425156.0
2023-06-21,25413888646.0
2023-06-22,26487159716.0
2023-06-23,26186574437.0
2023-06-24,26317689260.0
2023-06-25,26219110492.0
2023-06-26,26505156285.0
2023-06-27,26199959341.0
2023-06-28,26294327019.0
2023-06-29,25795044596.0
2023-06-30,26049892754.0
2023-07-01,26905898620.0
2023-07-02,26797989060.0
2023-07-03,26987282036.0
2023-07-04,27056939981.0
2023-07-05,26934710825.0
2023-07-06,26564251540.0
2023-07-07,25887798492.0
2023-07-08,26155453995.0
2023-07-09,26132594230.0
2023-07-10,26078611197.0
2023-07-11,26145486557.0
2023-07-12,26224757795.0
2023-07-13,26164743823.0
2023-07-14,27157605264.0
2023-07-15,26505205726.0
2023-07-16,26614823826.0
2023-07-17,26470141439.0
2023-07-18,26322251344.0
2023-07-19,26083038064.0
2023-07-20,25837929401.0
2023-07-21,25824856215.0
2023-07-22,25834516749.0
2023-07-23,25385824781.0
2023-07-24,25626115598.0
2023-07-25,25105579290.0
2023-07-26,25103589147.0
2023-07-27,25233650476.0
2023-07-28,25161089872.0
2023-07-29,25312958421.0
2023-07-30,25376902058.0
2023-07-31,23385463919.0
2023-08-01,22984844652.0
2023-08-02,22829969778.0
2023-08-03,22575758719.0
2023-08-04,22996115160.0
2023-08-05,23123127746.0
2023-08-06,23195748753.0
2023-08-07,23279918043.0
2023-08-08,23570143211.0
2023-08-09,24053497240.0
2023-08-10,24106806089.0
2023-08-11,24419908480.0
2023-08-12,24646111945.0
2023-08-13,24646054693.0
2023-08-14,24543862549.0
2023-08-15,24690182820.0
2023-08-16,24370320003.0
2023-08-17,23909999257.0
2023-08-18,22862525933.0
2023-08-19,22642226396.0
2023-08-20,22746289222.0
2023-08-21,22258718913.0
2023-08-22,22183360272.0
2023-08-23,21831256177.0
2023-08-24,22299293826.0
2023-08-25,22153098798.0
2023-08-26,22060164779.0
2023-08-27,22036159553.0
2023-08-28,22223553061.0
2023-08-29,22245485282.0
2023-08-30,22934443508.0
2023-08-31,22648813863.0
2023-09-01,22010728583.0
2023-09-02,21828734414.0
2023-09-03,21904052123.0
2023-09-04,21949730611.0
2023-09-05,21833649171.0
2023-09-06,21742748301.0
2023-09-07,21613916026.0
2023-09-08,21828632580.0
2023-09-09,21654499847.0
2023-09-10,21609877815.0
2023-09-11,21504568863.0
2023-09-12,20713574027.0
2023-09-13,21113142801.0
2023-09-14,21273720189.0
2023-09-15,21452966807.0
2023-09-16,21684487565.0
2023-09-17,21586655503.0
2023-09-18,21449487960.0
2023-09-19,21513208843.0
2023-09-20,21601633677.0
2023-09-21,21355178208.0
2023-09-22,20920820353.0
2023-09-23,21064913719.0
2023-09-24,21002101091.0
2023-09-25,20818273268.0
2023-09-26,20944445694.0
2023-09-27,20993380808.0
2023-09-28,20950088278.0
2023-09-29,21393703505.0
2023-09-30,21443523962.0
2023-10-01,21447559215.0
2023-10-02,22050865277.0
2023-10-03,21422204278.0
2023-10-04,21221004955.0
2023-10-05,21277270205.0
2023-10-06,21022463410.0
2023-10-07,21301774974.0
2023-10-08,21245609550.0
2023-10-09,21142298487.0
2023-10-10,20623902301.0
2023-10-11,20193813455.0
2023-10-12,20059310517.0
2023-10-13,19619076297.0
2023-10-14,20017587076.0
2023-10-15,20074803637.0
2023-10-16,20108636249.0
2023-10-17,20523211140.0
2023-10-18,20214497892.0
2023-10-19,19935201550.0
2023-10-20,20063881917.0
2023-10-21,20430763860.0
2023-10-22,20848272427.0
2023-10-23,21425820113.0
2023-10-24,22592598079.0
2023-10-25,22546498143.0
2023-10-26,22727215145.0
2023-10-27,22760434773.0
2023-10-28,22589363913.0
2023-10-29,22570228556.0
2023-10-30,22805367409.0
2023-10-31,23200062010.0
2023-11-01,22969448923.0
2023-11-02,23597797986.0
2023-11-03,23033257097.0
2023-11-04,23666211766.0
2023-11-05,24133353479.0
2023-11-06,24159339587.0
2023-11-07,24275027858.0
2023-11-08,24223980096.0
2023-11-09,24416652789.0
2023-11-10,26292300989.0
2023-11-11,26063705849.0
2023-11-12,25767389059.0
2023-11-13,25821063737.0
2023-11-14,25506866989.0
2023-11-15,25027280619.0
2023-11-16,26044037677.0
2023-11-17,24919563033.0
2023-11-18,24968404030.0
2023-11-19,25117787915.0
2023-11-20,25800549548.0
2023-11-21,25875343693.0
2023-11-22,24645908374.0
2023-11-23,26052316922.0
2023-11-24,25997730268.0
2023-11-25,26194142850.0
2023-11-26,26132363969.0
2023-11-27,26041128992.0
2023-11-28,25629386833.0
2023-11-29,25835950009.0
2023-11-30,25703147896.0
2023-12-01,25925002709.0
2023-12-02,26300940224.0
2023-12-03,27164470111.0
2023-12-04,27493839582.0
2023-12-05,27866095628.0
2023-12-06,28503058053.0
2023-12-07,27901129809.0
2023-12-08,29029255213.0
2023-12-09,29284895072.0
2023-12-10,28835626484.0
2023-12-11,28530437933.0
2023-12-12,27636797951.0
2023-12-13,27278637151.0
2023-12-14,28006919964.0
2023-12-15,28634545747.0
2023-12-16,27514685799.0
2023-12-17,27700914790.0
2023-12-18,27452607865.0
2023-12-19,27962395367.0
2023-12-20,27756915673.0
2023-12-21,28129326718.0
2023-12-22,28285705520.0
2023-12-23,29136971526.0
2023-12-24,29001504968.0
2023-12-25,28687786576.0
2023-12-26,28822167430.0
2023-12-27,28003041694.0
2023-12-28,29544621912.0
2023-12-29,29107847280.0
2023-12-30,28584315466.0
2023-12-31,28562598845.0
2024-01-01,28456772826.0
2024-01-02,29570355634.0
2024-01-03,29709161066.0
2024-01-04,28082433808.0
2024-01-05,29153299306.0
2024-01-06,29206113608.0
2024-01-07,28992271209.0
2024-01-08,28579094263.0
2024-01-09,29745402342.0
2024-01-10,29946741994.0
2024-01-11,32302488962.0
2024-01-12,32518070888.0
2024-01-13,31207288132.0
2024-01-14,31704809481.0
2024-01-15,30943288430.0
2024-01-16,31249055549.0
2024-01-17,31759500440.0
2024-01-18,31200440965.0
2024-01-19,30740367176.0
2024-01-20,31016668220.0
2024-01-21,30990282845.0
2024-01-22,30893679785.0
2024-01-23,29766283235.0
2024-01-24,29120217448.0
2024-01-25,28991364676.0
2024-01-26,28908020381.0
2024-01-27,29705261115.0
2024-01-28,29770833075.0
2024-01-29,29651239430.0
2024-01-30,30299057848.0
2024-01-31,30321096224.0
2024-02-01,29573947878.0
2024-02-02,30025154458.0
2024-02-03,30166493976.0
2024-02-04,29925159471.0
2024-02-05,29867725769.0
2024-02-06,31247772626.0
2024-02-07,32633687819.0
2024-02-08,33486881553.0
2024-02-09,34348212071.0
2024-02-10,35636479015.0
2024-02-11,35875154880.0
2024-02-12,36048523377.0
2024-02-13,37783759141.0
2024-02-14,37506472200.0
2024-02-15,39431983094.0
2024-02-16,39827431000.0
2024-02-17,39589843543.0
2024-02-18,39470061967.0
2024-02-19,40667043583.0
2024-02-20,41561803471.0
2024-02-21,42202709128.0
2024-02-22,41942416875.0
2024-02-23,42155617725.0
2024-02-24,41453871307.0
2024-02-25,42319115870.0
2024-02-26,43580571832.0
2024-02-27,44807266316.0
2024-02-28,45917865112.0
2024-02-29,47836017801.0
2024-03-01,47543130825.0
2024-03-02,49065864490.0
2024-03-03,48872493322.0
2024-03-04,49868568073.0
2024-03-05,51715314967.0
2024-03-06,50612574915.0
2024-03-07,54155590180.0
2024-03-08,54378989929.0
2024-03-09,55085410341.0
2024-03-10,55440262315.0
2024-03-11,55137989328.0
2024-03-12,57672055931.0
2024-03-13,56243033717.0
2024-03-14,56463025045.0
2024-03-15,54948111045.0
2024-03-16,53228671652.0
2024-03-17,50567715450.0
2024-03-18,52118466399.0
2024-03-19,50402346024.0
2024-03-20,46231972439.0
2024-03-21,51240739991.0
2024-03-22,50591812994.0
2024-03-23,48653003459.0
2024-03-24,49337870001.0
2024-03-25,50709364300.0
2024-03-26,52896954976.0
2024-03-27,53137248219.0
2024-03-28,52157360934.0
2024-03-29,53201012885.0
2024-03-30,52604757631.0
2024-03-31,52710898192.0
2024-04-01,54523682242.0
2024-04-02,52869665304.0
2024-04-03,49967475883.0
2024-04-04,50590922857.0
2024-04-05,50966510121.0
2024-04-06,51256318669.0
2024-04-07,51702599272.0
2024-04-08,52718638688.0
2024-04-09,56130729917.0
2024-04-10,53766446595.0
2024-04-11,54383081719.0
2024-04-12,55340809668.0
2024-04-13,50461028941.0
2024-04-14,46677895266.0
2024-04-15,49549343660.0
2024-04-16,48967312020.0
2024-04-17,49408044027.0
2024-04-18,48029831901.0
2024-04-19,49247241198.0
2024-04-20,49452985851.0
2024-04-21,50789449610.0
2024-04-22,50950559900.0
2024-04-23,51520288945.0
2024-04-24,52012225504.0
2024-04-25,50773928971.0
2024-04-26,51171473899.0
2024-04-27,50930051750.0
2024-04-28,52766651820.0
2024-04-29,52569352020.0
2024-04-30,51538771424.0
2024-05-01,48296432534.0
2024-05-02,48370676372.0
2024-05-03,48881297559.0
2024-05-04,50853921210.0
2024-05-05,51128616721.0
2024-05-06,51739034476.0
2024-05-07,50403548016.0
2024-05-08,49595615366.0
2024-05-09,48684045446.0
2024-05-10,49513143400.0
2024-05-11,48068031071.0
2024-05-12,48245129651.0
2024-05-13,48566023454.0
2024-05-14,48514285756.0
2024-05-15,47776735150.0
2024-05-16,49754249323.0
2024-05-17,49075511658.0
2024-05-18,50967404160.0
2024-05-19,51349365491.0
2024-05-20,50776619329.0
2024-05-21,58126806189.0
2024-05-22,59545952436.0
2024-05-23,59876999689.0
2024-05-24,59611239472.0
2024-05-25,59512376410.0
2024-05-26,59938076219.0
2024-05-27,61389364234.0
2024-05-28,61476135010.0
2024-05-29,60752545022.0
2024-05-30,59757067054.0
2024-05-31,59745429226.0
2024-06-01,60788455081.0
2024-06-02,61371589587.0
2024-06-03,61141515804.0
2024-06-04,60749602414.0
2024-06-05,61454209143.0
2024-06-06,62360762213.0
2024-06-07,61729160762.0
2024-06-08,60207236198.0
2024-06-09,59888552748.0
2024-06-10,60150312915.0
2024-06-11,59065742981.0
2024-06-12,57706515732.0
2024-06-13,58302308099.0
2024-06-14,57627112095.0
2024-06-15,57583872363.0
2024-06-16,58500907835.0
2024-06-17,58851150886.0
2024-06-18,57478193773.0
2024-06-19,57151522232.0
2024-06-20,57964807005.0
2024-06-21,56760134322.0
2024-06-22,57001902852.0
2024-06-23,57044131266.0
2024-06-24,55509151032.0
2024-06-25,54847495523.0
2024-06-26,55870474152.0
2024-06-27,55547906290.0
2024-06-28,55927360140.0
2024-06-29,54781930673.0
2024-06-30,54848543386.0
2024-07-01,55954915948.0
2024-07-02,55893478305.0
2024-07-03,55088529987.0
2024-07-04,53675110378.0
2024-07-05,50606855940.0
2024-07-06,50014133928.0
2024-07-07,50162874427.0
2024-07-08,48520239766.0
2024-07-09,50158883200.0
2024-07-10,50663509029.0
2024-07-11,51146109045.0
2024-07-12,51339301421.0
2024-07-13,51525281596.0
2024-07-14,52268037222.0
2024-07-15,53799565366.0
2024-07-16,55366587878.0
2024-07-17,55860151435.0
2024-07-18,55220476638.0
2024-07-19,54929657583.0
2024-07-20,56282388003.0
2024-07-21,56635133430.0
2024-07-22,56632450943.0
2024-07-23,56189790502.0
2024-07-24,56480764533.0
2024-07-25,53869027674.0
2024-07-26,52838647219.0
2024-07-27,54191983976.0
2024-07-28,54216262298.0
2024-07-29,54707280075.0
2024-07-30,55387347840.0
2024-07-31,54738773658.0
2024-08-01,53652947965.0
2024-08-02,53059477750.0
2024-08-03,50393372092.0
2024-08-04,49072880672.0
2024-08-05,44262975025.0
2024-08-06,42770478512.0
2024-08-07,43893176584.0
2024-08-08,42254785093.0
2024-08-09,45902020653.0
2024-08-10,45777402256.0
2024-08-11,45918438932.0
2024-08-12,44666554692.0
2024-08-13,45894673034.0
2024-08-14,46810948659.0
2024-08-15,45540722728.0
2024-08-16,45150211801.0
2024-08-17,45635065171.0
2024-08-18,45721311802.0
2024-08-19,46152799048.0
2024-08-20,45913746954.0
2024-08-21,45452346236.0
2024-08-22,46409891768.0
2024-08-23,46112048942.0
2024-08-24,48494450192.0
2024-08-25,48100089891.0
2024-08-26,48299441235.0
2024-08-27,47012319541.0
2024-08-28,43573881683.0
2024-08-29,44445548054.0
2024-08-30,44502909034.0
2024-08-31,44540867455.0
2024-09-01,44412043440.0
2024-09-02,43266378719.0
2024-09-03,44935558479.0
2024-09-04,43537999644.0
2024-09-05,44014171884.0
2024-09-06,43171284724.0
2024-09-07,40898439377.0
2024-09-08,41606148113.0
2024-09-09,42098475271.0
2024-09-10,43192906640.0
2024-09-11,43619440498.0
2024-09-12,43094433333.0
2024-09-13,43399676145.0
2024-09-14,45052004469.0
2024-09-15,44603724841.0
2024-09-16,43533534334.0
2024-09-17,42660248412.0
2024-09-18,43548807398.0
2024-09-19,43525272224.0
2024-09-20,45335443842.0
2024-09-21,46715964023.0
2024-09-22,47022950947.0
2024-09-23,46645872955.0
2024-09-24,48158822704.0
2024-09-25,48376407734.0
2024-09-26,47270221192.0
2024-09-27,48280771459.0
2024-09-28,49100353624.0
2024-09-29,48710341077.0
2024-09-30,48516654845.0
2024-10-01,47537583849.0
2024-10-02,45606842165.0
2024-10-03,44241804668.0
2024-10-04,43723653865.0
2024-10-05,44836622867.0
2024-10-06,44569732367.0
2024-10-07,44722286510.0
2024-10-08,44845895927.0
2024-10-09,44270773239.0
2024-10-10,43550259224.0
2024-10-11,43413705037.0
2024-10-12,44872334088.0
2024-10-13,45563505456.0
2024-10-14,45248951776.0
2024-10-15,47728527262.0
2024-10-16,47019541568.0
2024-10-17,46949207716.0
2024-10-18,46215394786.0
2024-10-19,46746494097.0
2024-10-20,46844237233.0
2024-10-21,48209541487.0
2024-10-22,47193642295.0
2024-10-23,47309091471.0
2024-10-24,45458505251.0
2024-10-25,45983175002.0
2024-10-26,45029932620.0
2024-10-27,45307412025.0
2024-10-28,45854989645.0
2024-10-29,46711632462.0
2024-10-30,47737380670.0
2024-10-31,48291262853.0
2024-11-01,46168293392.0
2024-11-02,46218568945.0
2024-11-03,46005351611.0
2024-11-04,45757769448.0
2024-11-05,44614876342.0
2024-11-06,45491310063.0
2024-11-07,50079866888.0
2024-11-08,52401967703.0
2024-11-09,53365529486.0
2024-11-10,55557005810.0
2024-11-11,56694549103.0
2024-11-12,59067574810.0
2024-11-13,58436722651.0
2024-11-14,57555904553.0
2024-11-15,55687721687.0
2024-11-16,56359870567.0
2024-11-17,56709126903.0
2024-11-18,56216796819.0
2024-11-19,57832215874.0
2024-11-20,56891299339.0
2024-11-21,56607253389.0
2024-11-22,61331490904.0
2024-11-23,61248706689.0
2024-11-24,62398915338.0
2024-11-25,61954271036.0
2024-11-26,61904200592.0
2024-11-27,60904976816.0
2024-11-28,66911739254.0
2024-11-29,65917090976.0
2024-11-30,66744857206.0
2024-12-01,68535301922.0
2024-12-02,68831563172.0
2024-12-03,67634613422.0
2024-12-04,68184980969.0
2024-12-05,71830070050.0
2024-12-06,70865311054.0
2024-12-07,74818520708.0
2024-12-08,74935417119.0
2024-12-09,75075410621.0
2024-12-10,69922364410.0
2024-12-11,69290182212.0
2024-12-12,72882020960.0
2024-12-13,73355273516.0
2024-12-14,74098565522.0
2024-12-15,73819577413.0
2024-12-16,74805825172.0
2024-12-17,75803376001.0
2024-12-18,73945632328.0
2024-12-19,69943551603.0
2024-12-20,66466419120.0
2024-12-21,66871917757.0
2024-12-22,64769178909.0
2024-12-23,64275768147.0
2024-12-24,66598341991.0
2024-12-25,68244670836.0
2024-12-26,68308279550.0
2024-12-27,65815505604.0
2024-12-28,65562534130.0
2024-12-29,66942539077.0
2024-12-30,66255843905.0
2024-12-31,65606829066.0
2025-01-01,65222470783.0
2025-01-02,66091671204.0
2025-01-03,67524404312.0
2025-01-04,70158112292.0
2025-01-05,71026614789.0
2025-01-06,71010678385.0
2025-01-07,71686267616.0
2025-01-08,66519566078.0
2025-01-09,65630586031.0
2025-01-10,64049262714.0
2025-01-11,65163031327.0
2025-01-12,65723558686.0
2025-01-13,65180885826.0
2025-01-14,63638912707.0
2025-01-15,65653587498.0
2025-01-16,69171949015.0
2025-01-17,67035250211.0
2025-01-18,69600028759.0
2025-01-19,66788991317.0
2025-01-20,65313328220.0
2025-01-21,66088961018.0
2025-01-22,67136362557.0
2025-01-23,65916257354.0
2025-01-24,67162193412.0
2025-01-25,66976621030.0
2025-01-26,67460854359.0
2025-01-27,66350065615.0
2025-01-28,64059479103.0
2025-01-29,63040671777.0
2025-01-30,64195369900.0
2025-01-31,66005443860.0
2025-02-01,66517325641.0
2025-02-02,64065902158.0
2025-02-03,59262319257.0
2025-02-04,60508522758.0
2025-02-05,58997731274.0
2025-02-06,59560650872.0
2025-02-07,58809384139.0
2025-02-08,58255759594.0
2025-02-09,58463907277.0
2025-02-10,58478209890.0
2025-02-11,59250227155.0
2025-02-12,58530864129.0
2025-02-13,60670344467.0
2025-02-14,59974537241.0
2025-02-15,60519708070.0
2025-02-16,60293652448.0
2025-02-17,59708189879.0
2025-02-18,60740631684.0
2025-02-19,59680708313.0
2025-02-20,60491494908.0
2025-02-21,60788587815.0
2025-02-22,58509156212.0
2025-02-23,59743673274.0
2025-02-24,61067813652.0
2025-02-25,56237982055.0
2025-02-26,55271040411.0
2025-02-27,52128335327.0
2025-02-28,51781198282.0
2025-03-01,51807837184.0
2025-03-02,51896085096.0
2025-03-03,56976806467.0
2025-03-04,51280408454.0
2025-03-05,51460666682.0
2025-03-06,53214361928.0
2025-03-07,51726568693.0
2025-03-08,51436045914.0
2025-03-09,52171683734.0
2025-03-10,48986050714.0
2025-03-11,46614407682.0
2025-03-12,47961022106.0
2025-03-13,47893911393.0
2025-03-14,47377316155.0
2025-03-15,48626439971.0
2025-03-16,49107745865.0
2025-03-17,48379771139.0
2025-03-18,49023200174.0
2025-03-19,49091284145.0
2025-03-20,50636956657.0
2025-03-21,49237096441.0
2025-03-22,49142790373.0
2025-03-23,49531324602.0
2025-03-24,50567447439.0
2025-03-25,52396797861.0
2025-03-26,52960746162.0
2025-03-27,52139627040.0
2025-03-28,51713338792.0
2025-03-29,49381009462.0
2025-03-30,48096021627.0
2025-03-31,46876157121.0
2025-04-01,48066377172.0
2025-04-02,49561430815.0
2025-04-03,47899529290.0
2025-04-04,48355162790.0
2025-04-05,48621402235.0
2025-04-06,48698895039.0
2025-04-07,44636652954.0
2025-04-08,44480935802.0
2025-04-09,43067449951.0
2025-04-10,46236868111.0
2025-04-11,43887375750.0
2025-04-12,44286735447.0
2025-04-13,45377838977.0
2025-04-14,45040483660.0
2025-04-15,45112944604.0
2025-04-16,44809982825.0
2025-04-17,45048051773.0
2025-04-18,44924465294.0
2025-04-19,44706872183.0
2025-04-20,45333379586.0
2025-04-21,44923258643.0
2025-04-22,44067188170.0
2025-04-23,47584782526.0
2025-04-24,48552859803.0
2025-04-25,48916520503.0
2025-04-26,49623196520.0
2025-04-27,49875487072.0
2025-04-28,49587165589.0
2025-04-29,49709573052.0
2025-04-30,49491983703.0
2025-05-01,49225769296.0
2025-05-02,50192294335.0
2025-05-03,50655564252.0
2025-05-04,50583789574.0
2025-05-05,50150473269.0
2025-05-06,49748796147.0
2025-05-07,49752480958.0
2025-05-08,48667920480.0
2025-05-09,55614233176.0
2025-05-10,57839406015.0
2025-05-11,61454111812.0
2025-05-12,60592012178.0
2025-05-13,59281566812.0
2025-05-14,62360867031.0
2025-05-15,60275604495.0
2025-05-16,59037825580.0
2025-05-17,59265921542.0
2025-05-18,58546782721.0
2025-05-19,58878612914.0
2025-05-20,60058432321.0
2025-05-21,60333774834.0
2025-05-22,61222640885.0
2025-05-23,62968710749.0
2025-05-24,60286263356.0
2025-05-25,60397160459.0
2025-05-26,60789492597.0
2025-05-27,61424507316.0
2025-05-28,62788794026.0
2025-05-29,63045184590.0
2025-05-30,61547484077.0
2025-05-31,59914402209.0
2025-06-01,59994179386.0
2025-06-02,60518698407.0
2025-06-03,61129676642.0
2025-06-04,61122592603.0
2025-06-05,61474161843.0
2025-06-06,58243601727.0
2025-06-07,59561902953.0
2025-06-08,60559199047.0
2025-06-09,60392744688.0
2025-06-10,62814715390.0
2025-06-11,65205850835.0
2025-06-12,64770889496.0
2025-06-13,61261269858.0
2025-06-14,60960598758.0
2025-06-15,60594820258.0
2025-06-16,60606444982.0
2025-06-17,62461851759.0
2025-06-18,61710547601.0
2025-06-19,62081703173.0
2025-06-20,62119359986.0
2025-06-21,59969522896.0
2025-06-22,57720771605.0
2025-06-23,56235790133.0
2025-06-24,59970718185.0
2025-06-25,60784397430.0
2025-06-26,60748723604.0
2025-06-27,60019067908.0
2025-06-28,60216417378.0
2025-06-29,61274505302.0
2025-06-30,62268232202.0
2025-07-01,61839162505.0
2025-07-02,60703142857.0
2025-07-03,63268960043.0
2025-07-04,64139553616.0
2025-07-05,62879284205.0
2025-07-06,63328954097.0
2025-07-07,64247073548.0
2025-07-08,63561596799.0
2025-07-09,64901814788.0
2025-07-10,67738695869.0
2025-07-11,70780274096.0
2025-07-12,70896842435.0
2025-07-13,70789419013.0
2025-07-14,71641688060.0
2025-07-15,71850417577.0
2025-07-16,73553877835.0
2025-07-17,75957495876.0
2025-07-18,77476643511.0
2025-07-19,78958671564.0
2025-07-20,79675383493.0
2025-07-21,82407015371.0
2025-07-22,83145530047.0
2025-07-23,82808855521.0
2025-07-24,81219140012.0
2025-07-25,81227119077.0
2025-07-26,82405789921.0
2025-07-27,82970087184.0
2025-07-28,85649009193.0
2025-07-29,83707441507.0
2025-07-30,83499710602.0
2025-07-31,83595241779.0
2025-08-01,81581061081.0
2025-08-02,77880440596.0
2025-08-03,76301252603.0
2025-08-04,78609560528.0
2025-08-05,81890910279.0
2025-08-06,81473089757.0
2025-08-07,82678469974.0
2025-08-08,87133569591.0
2025-08-09,87872666500.0
2025-08-10,91517350989.0
2025-08-11,91074464250.0
2025-08-12,90619088822.0
2025-08-13,95565689341.0
2025-08-14,97035039413.0
2025-08-15,93581341908.0
2025-08-16,91623115426.0
2025-08-17,91303814541.0
2025-08-18,91458997428.0
2025-08-19,89643683368.0
2025-08-20,85652981416.0
2025-08-21,88799220064.0
2025-08-22,88210618431.0
2025-08-23,95817068522.0
2025-08-24,97066061515.0
2025-08-25,94908489672.0
2025-08-26,91001484178.0
2025-08-27,93979089562.0
2025-08-28,92910063183.0
2025-08-29,93242957262.0
2025-08-30,90998606576.0
2025-08-31,90921313176.0
2025-09-01,90845831531.0
2025-09-02,89354740108.0
2025-09-03,89237115333.0
2025-09-04,92065323579.0
2025-09-05,89947810658.0
2025-09-06,90372696429.0
2025-09-07,89863908928.0
2025-09-08,90915180729.0
2025-09-09,90661872737.0
2025-09-10,90486362379.0
2025-09-11,91448571058.0
2025-09-12,92785968779.0
2025-09-13,96611074566.0
2025-09-14,95907266335.0
2025-09-15,94679210723.0
2025-09-16,93872452742.0
2025-09-17,93354314081.0
2025-09-18,94977450387.0
2025-09-19,95639336502.0
2025-09-20,94053151672.0
2025-09-21,95158859741.0
2025-09-22,94125685620.0
2025-09-23,90278044566.0
2025-09-24,89048971499.0
2025-09-25,89052822959.0
2025-09-26,84541317107.0
2025-09-27,85660031667.0
2025-09-28,85522942343.0
2025-09-29,87452204596.0
2025-09-30,88404578927.0
2025-10-01,87979353983.0
2025-10-02,91224549690.0
2025-10-03,93341463844.0
2025-10-04,94000291299.0
2025-10-05,93815046818.0
2025-10-06,94268443303.0
2025-10-07,97249428847.0
2025-10-08,94492741484.0
2025-10-09,94542191725.0
2025-10-10,92564466172.0
2025-10-11,82665798214.0
2025-10-12,81937773150.0
2025-10-13,88146127114.0
2025-10-14,89713246912.0
2025-10-15,88448781940.0
2025-10-16,86061186327.0
2025-10-17,84316063352.0
2025-10-18,83038474943.0
2025-10-19,83930299424.0
2025-10-20,84827360641.0
2025-10-21,85453935796.0
2025-10-22,84559372622.0
2025-10-23,82277553110.0
2025-10-24,82941651564.0
2025-10-25,84870372393.0
2025-10-26,85462111144.0
2025-10-27,88967278775.0
2025-10-28,88193244362.0
2025-10-29,86396044499.0
2025-10-30,86043135547.0
2025-10-31,84255319420.0
2025-11-01,85227744161.0
2025-11-02,85028358592.0
2025-11-03,85234903517.0
2025-11-04,80508438942.0
2025-11-05,74324454979.0
2025-11-06,74786841741.0
2025-11-07,73414830070.0
2025-11-08,74672841967.0
2025-11-09,73951374562.0
2025-11-10,76970485258.0
2025-11-11,76905596088.0
2025-11-12,75031736043.0
2025-11-13,75172733937.0
2025-11-14,73726392619.0
2025-11-15,72449896236.0
2025-11-16,72273477296.0
2025-11-17,70230948315.0
2025-11-18,69376201453.0
2025-11-19,71080909327.0
2025-11-20,69630479617.0
2025-11-21,67256978847.0
2025-11-22,64995047396.0
2025-11-23,64793768252.0
2025-11-24,65135415372.0
2025-11-25,67648507526.0
2025-11-26,67728290183.0
2025-11-27,69056945754.0
2025-11-28,68860275429.0
2025-11-29,69234089826.0
2025-11-30,68281250873.0
2025-12-01,67946722693.0
2025-12-02,65757424040.0
2025-12-03,67781325876.0
2025-12-04,71136344493.0
2025-12-05,69956580542.0
2025-12-06,69109419210.0
2025-12-07,69234228074.0
2025-12-08,69568278725.0
2025-12-09,69625515381.0
2025-12-10,72343303712.0
2025-12-11,71950322588.0
2025-12-12,71521618004.0
2025-12-13,69967117501.0
2025-12-14,70581304205.0
2025-12-15,70847282436.0
2025-12-16,68912565542.0
2025-12-17,69373418743.0
2025-12-18,67552585245.0
2025-12-19,67543178473.0
2025-12-20,69521610437.0
2025-12-21,69753208342.0
2025-12-22,70412144657.0
2025-12-23,69995693716.0
2025-12-24,68369979863.0
2025-12-25,68852858349.0
2025-12-26,68355165990.0
2025-12-27,68386751252.0
2025-12-28,68684841428.0
2025-12-29,68926936588.0
2025-12-30,67691393945.0
2025-12-31,67511131922.0
2026-01-01,68302603495.0
2026-01-02,69610558856.0
2026-01-03,71674619743.0
2026-01-04,72632460239.0
2026-01-05,72965292505.0
2026-01-06,74637540640.0
2026-01-07,75314715861.0
2026-01-08,73168678089.0
2026-01-09,71531239251.0
2026-01-10,70603643191.0
2026-01-11,71547414210.0
2026-01-12,72094809743.0
2026-01-13,71010507925.0
2026-01-14,75375138997.0
2026-01-15,75870072270.0
2026-01-16,75046961742.0
2026-01-17,75151332817.0
2026-01-18,75429823054.0
2026-01-19,74042566450.0
2026-01-20,73805723165.0
2026-01-21,68952608672.0
2026-01-22,69664004017.0
2026-01-23,69512681767.0
2026-01-24,69352358554.0
2026-01-25,70054474646.0
2026-01-26,67736821752.0
2026-01-27,69614646650.0
2026-01-28,71013804172.0
2026-01-29,71204915217.0
2026-01-30,67919872548.0
2026-01-31,66130394569.0
2026-02-01,62162712609.0
2026-02-02,59375787688.0
2026-02-03,60282310765.0
2026-02-04,59456216520.0
2026-02-05,57902638938.0
2026-02-06,51993865983.0
2026-02-07,55178928273.0
2026-02-08,56753401680.0
2026-02-09,57082686368.0
2026-02-10,57078010146.0
2026-02-11,55892450284.0
2026-02-12,55100257323.0
2026-02-13,54606579933.0
2026-02-14,56076922237.0
2026-02-15,56274529187.0
2026-02-16,54933520824.0
2026-02-17,55064468639.0
2026-02-18,55098925603.0
2026-02-19,53574275701.0
2026-02-20,53705348650.0
2026-02-21,53196990575.0
2026-02-22,53445715237.0
2026-02-23,53478501712.0
2026-02-24,51721503192.0
2026-02-25,51556888981.0
2026-02-26,54387301384.0
2026-02-27,54107396245.0
2026-02-28,52640775048.0
2026-03-01,52876333071.0
2026-03-02,52358267673.0
2026-03-03,53857815291.0
2026-03-04,52770646634.0
2026-03-05,55252529277.0
2026-03-06,55395654300.0
2026-03-07,53878325994.0
2026-03-08,54172676586.0
2026-03-09,53878493952.0
2026-03-10,54890837188.0
2026-03-11,54874447675.0
2026-03-12,55725208634.0
2026-03-13,56647708187.0
2026-03-14,56437286606.0
2026-03-15,56812868112.0
2026-03-16,57983813894.0
2026-03-17,59769042207.0
2026-03-18,59602898577.0
2026-03-19,57011121146.0
2026-03-20,55678692183.0
2026-03-21,56435643785.0
2026-03-22,55953643926.0
2026-03-23,54462038671.0
2026-03-24,55867715451.0
2026-03-25,55259019873.0
2026-03-26,55625893026.0
2026-03-27,53607307463.0
2026-03-28,52638067059.0
2026-03-29,52624838766.0
2026-03-30,52537426062.0
2026-03-31,52434325105.0
2026-04-01,53909090842.0
2026-04-02,54031414983.0
2026-04-03,52949987098.0
2026-04-04,52417505076.0
2026-04-05,52714213061.0
2026-04-06,53715506702.0
2026-04-07,52018094149.0
2026-04-08,54356564824.0
2026-04-09,53679177770.0
2026-04-10,53914398363.0
2026-04-11,54650940256.0
2026-04-12,55281189409.0
2026-04-13,53605170670.0
2026-04-14,56140335715.0
2026-04-15,55882926418.0
2026-04-16,55932268038.0
2026-04-17,55836684581.0
2026-04-18,56669102678.0
2026-04-19,51942325486.0
2026-04-20,46771626752.0
2026-04-21,46495739821.0
2026-04-22,46039395440.0
2026-04-23,46648501808.0
2026-04-24,45865802752.0
2026-04-25,45045165641.0
2026-04-26,45517342390.0
2026-04-27,46272067392.0
2026-04-28,45183270974.0
2026-04-29,44907953524.0
2026-04-30,45156334171.0
2026-05-01,45258065295.0
2026-05-02,45407323824.0
2026-05-03,45961761403.0
2026-05-04,45989589986.0
2026-05-05,45864701320.0
2026-05-06,46124691740.0
2026-05-07,45961232775.0
2026-05-08,45591929379.0
2026-05-09,45668351458.0
2026-05-10,45727199091.0
2026-05-11,46304877023.0
2026-05-12,45994930168.0
2026-05-13,45377932965.0
2026-05-14,45089228122.0
2026-05-15,45517276496.0
2026-05-16,44766630034.0
2026-05-17,44261507640.0
2026-05-18,43533850687.0
2026-05-19,43591024422.0
2026-05-20,42974758633.0
2026-05-21,43239593589.0
2026-05-22,43373341505.0
2026-05-23,42497561855.0
2026-05-24,43223770141.0
2026-05-25,42893430398.0
2026-05-26,43289608120.0
2026-05-27,42398217313.0
2026-05-28,42548347700.0
2026-05-29,42637942860.0
2026-05-30,42002456143.0
2026-05-31,42244069921.0
2026-06-01,42117361672.0
2026-06-02,41901491384.0
2026-06-03,39528536341.0
2026-06-04,39129883833.0
2026-06-05,38966532404.0
2026-06-06,36466739328.0
2026-06-07,36395173506.0
2026-06-08,37901130024.0
2026-06-09,37720596983.0
2026-06-10,37076026526.0
2026-06-11,36789081626.0
2026-06-12,37478177013.0
2026-06-13,37740804651.0
2026-06-14,38095209926.0
2026-06-15,38717233663.0
2026-06-16,39075144064.0
2026-06-17,39901085548.0
2026-06-18,39241629006.0
2026-06-19,38698465969.0
2026-06-20,38826503192.0
2026-06-21,39189281170.0
2026-06-22,38457173919.0
2026-06-23,39109975139.0
2026-06-24,38267229677.0
2026-06-25,37247043805.0
2026-06-26,37081470850.0
2026-06-27,37266354820.0
2026-06-28,37571921745.0
2026-06-29,37335332794.0
2026-06-30,37345749485.0
2026-07-01,36676035389.0
2026-07-02,37295505403.0
2026-07-03,38896324141.0
2026-07-04,39742514601.0
2026-07-05,39898327599.0
2026-07-06,40000606837.0
2026-07-07,40164413693.0
2026-07-08,39392853704.0
2026-07-09,39059731285.0
2026-07-10,38660987156.0
2026-07-11,40221425158.0
2026-07-12,39661904719.0
2026-07-13,39845210169.0
2026-07-14,39566330718.0
2026-07-15,41077934349.0
2026-07-16,41319426276.0
2026-07-17,40821856260.0
2026-07-18,40832782754.0
2026-07-19,41167621738.0
2026-07-20,41240956982.0
2026-07-21,41802237468.0
2026-07-22,42261333603.0
2026-07-23,42207810736.0
2026-07-24,41520010946.0
2026-07-25,41397388983.0
2026-07-26,41535068565.0
2026-07-27,42345400904.0
2026-07-28,41302537634.0
2026-07-29,41667023514.0
2026-07-30,41398503192.0
2026-07-31,41691494286.0
2026-08-01,41029813650.0
2026-08-02,40651216102.0
2026-08-03,41187498896.0
2026-08-04,40550551315.0
2026-08-05,41189373701.0
2026-08-06,41687145886.0
2026-08-07,41730835559.0
2026-08-08,42010755667.0
2026-08-09,42077728736.0
2026-08-10,42047995548.0
2026-08-11,41662782493.0
2026-08-12,41258584945.0
2026-08-13,41336256851.0
2026-08-14,41185322535.0
2026-08-15,41018860820.0
2026-08-16,41371078072.0
2026-08-17,41325807313.0
2026-08-18,41826107541.0
2026-08-19,42014047262.0
2026-08-20,46067194049.0
2026-08-21,47440639919.0
2026-08-22,49722971184.0
2026-08-23,49002769590.0
2026-08-24,49121551020.0
2026-08-25,49261301079.0
2026-08-26,49005423797.0
2026-08-27,49934996111.0
2026-08-28,50179612475.0
2026-08-29,49178310994.0
2026-08-30,49307314044.0
2026-08-31,48773249755.0
2026-09-01,49476026997.0
2026-09-02,48382523933.0
2026-09-03,48234693407.0
2026-09-04,49988394341.0
2026-09-05,49077224362.0
2026-09-06,49629919197.0
2026-09-07,50124305155.0
2026-09-08,49646845429.0
2026-09-09,49852142216.0
2026-09-10,49354049811.0
2026-09-11,48816029292.0
2026-09-12,49972232956.0
2026-09-13,50063449056.0
2026-09-14,49515627245.0
2026-09-15,50180955632.0
2026-09-16,48729388275.0
2026-09-17,49197438724.0
2026-09-18,49826724474.0
2026-09-19,52270341408.0
2026-09-20,52585020723.0
2026-09-21,53359971142.0
2026-09-22,54476757870.0
2026-09-23,54378610351.0
2026-09-24,53593262852.0
2026-09-25,53593040415.0
2026-09-26,53549385783.0
2026-09-27,53543563708.0
2026-09-28,53451991935.0
2026-09-29,53401463456.0
2026-09-30,53288976399.0
2026-10-01,53261374661.0
2026-10-02,53366282098.0
2026-10-03,53200277231.0
2026-10-04,53275346032.0
2026-10-05,54249584002.0
2026-10-06,54220735745.0
2026-10-07,54062548292.0
2026-10-08,52425915786.0
2026-10-09,51026382162.0
2026-10-10,51270093601.0
