date,defillama_ethereum_dex_volume_usd
2018-11-02,1688.0
2018-11-03,2537.0
2018-11-04,2537.0
2018-11-05,204.0
2018-11-06,793.0
2018-11-07,2647.0
2018-11-08,3541.0
2018-11-09,2901.0
2018-11-10,6964.0
2018-11-11,968.0
2018-11-12,2424.0
2018-11-13,1392.0
2018-11-14,9385.0
2018-11-15,9051.0
2018-11-16,4630.0
2018-11-17,1967.0
2018-11-18,942.0
2018-11-19,3652.0
2018-11-20,12761.0
2018-11-21,3961.0
2018-11-22,5665.0
2018-11-23,3172.0
2018-11-24,6331.0
2018-11-25,16225.0
2018-11-26,6126.0
2018-11-27,7335.0
2018-11-28,12455.0
2018-11-29,6817.0
2018-11-30,16518.0
2018-12-01,9111.0
2018-12-02,10738.0
2018-12-03,6936.0
2018-12-04,24723.0
2018-12-05,28191.0
2018-12-06,33593.0
2018-12-07,32466.0
2018-12-08,12301.0
2018-12-09,22175.0
2018-12-10,12872.0
2018-12-11,12611.0
2018-12-12,7739.0
2018-12-13,7298.0
2018-12-14,13868.0
2018-12-15,15508.0
2018-12-16,7414.0
2018-12-17,13859.0
2018-12-18,24968.0
2018-12-19,40771.0
2018-12-20,25096.0
2018-12-21,22702.0
2018-12-22,13687.0
2018-12-23,36994.0
2018-12-24,67690.0
2018-12-25,24756.0
2018-12-26,17261.0
2018-12-27,19224.0
2018-12-28,17226.0
2018-12-29,50661.0
2018-12-30,14622.0
2018-12-31,24201.0
2019-01-01,21483.0
2019-01-02,22402.0
2019-01-03,18185.0
2019-01-04,25149.0
2019-01-05,22899.0
2019-01-06,36603.0
2019-01-07,20990.0
2019-01-08,12681.0
2019-01-09,13642.0
2019-01-10,45827.0
2019-01-11,20129.0
2019-01-12,19416.0
2019-01-13,38641.0
2019-01-14,22626.0
2019-01-15,30657.0
2019-01-16,17425.0
2019-01-17,16123.0
2019-01-18,13613.0
2019-01-19,15550.0
2019-01-20,20140.0
2019-01-21,19007.0
2019-01-22,48547.0
2019-01-23,23503.0
2019-01-24,55116.0
2019-01-25,19683.0
2019-01-26,53097.0
2019-01-27,36063.0
2019-01-28,72191.0
2019-01-29,48789.0
2019-01-30,47296.0
2019-01-31,91524.0
2019-02-01,58295.0
2019-02-02,30873.0
2019-02-03,60271.0
2019-02-04,50461.0
2019-02-05,68992.0
2019-02-06,100496.0
2019-02-07,90985.0
2019-02-08,232047.0
2019-02-09,216525.0
2019-02-10,184223.0
2019-02-11,373028.0
2019-02-12,525967.0
2019-02-13,580370.0
2019-02-14,594679.0
2019-02-15,681952.0
2019-02-16,266175.0
2019-02-17,445686.0
2019-02-18,474348.0
2019-02-19,728994.0
2019-02-20,498639.0
2019-02-21,489506.0
2019-02-22,751048.0
2019-02-23,1105349.0
2019-02-24,1656688.0
2019-02-25,689374.0
2019-02-26,501879.0
2019-02-27,1045796.0
2019-02-28,386523.0
2019-03-01,742835.0
2019-03-02,566558.0
2019-03-03,456686.0
2019-03-04,958784.0
2019-03-05,835623.0
2019-03-06,583176.0
2019-03-07,598227.0
2019-03-08,567700.0
2019-03-09,1068838.0
2019-03-10,247286.0
2019-03-11,399690.0
2019-03-12,362311.0
2019-03-13,382420.0
2019-03-14,330873.0
2019-03-15,343031.0
2019-03-16,728308.0
2019-03-17,450817.0
2019-03-18,474343.0
2019-03-19,331553.0
2019-03-20,474052.0
2019-03-21,729663.0
2019-03-22,431960.0
2019-03-23,302187.0
2019-03-24,405151.0
2019-03-25,539199.0
2019-03-26,562427.0
2019-03-27,463586.0
2019-03-28,820535.0
2019-03-29,550085.0
2019-03-30,443616.0
2019-03-31,408182.0
2019-04-01,453125.0
2019-04-02,1228826.0
2019-04-03,2406963.0
2019-04-04,866082.0
2019-04-05,533613.0
2019-04-06,549327.0
2019-04-07,627014.0
2019-04-08,2466737.0
2019-04-09,2397605.0
2019-04-10,1816692.0
2019-04-11,1441494.0
2019-04-12,1188316.0
2019-04-13,536706.0
2019-04-14,606142.0
2019-04-15,1139323.0
2019-04-16,797010.0
2019-04-17,875663.0
2019-04-18,1143276.0
2019-04-19,1115125.0
2019-04-20,605248.0
2019-04-21,1210361.0
2019-04-22,935658.0
2019-04-23,1352004.0
2019-04-24,1446064.0
2019-04-25,2551222.0
2019-04-26,2096838.0
2019-04-27,737107.0
2019-04-28,562396.0
2019-04-29,810338.0
2019-04-30,1067629.0
2019-05-01,554507.0
2019-05-02,447968.0
2019-05-03,860791.0
2019-05-04,476478.0
2019-05-05,636478.0
2019-05-06,1168602.0
2019-05-07,1374218.0
2019-05-08,1291333.0
2019-05-09,922879.0
2019-05-10,718650.0
2019-05-11,2604948.0
2019-05-12,1833480.0
2019-05-13,1421860.0
2019-05-14,2222906.0
2019-05-15,5172626.0
2019-05-16,6205178.0
2019-05-17,2138319.0
2019-05-18,864548.0
2019-05-19,1274964.0
2019-05-20,1260210.0
2019-05-21,953899.0
2019-05-22,1499551.0
2019-05-23,1410482.0
2019-05-24,1429378.0
2019-05-25,940855.0
2019-05-26,963949.0
2019-05-27,879946.0
2019-05-28,1015534.0
2019-05-29,835080.0
2019-05-30,2321661.0
2019-05-31,915648.0
2019-06-01,806438.0
2019-06-02,740068.0
2019-06-03,1388600.0
2019-06-04,2431680.0
2019-06-05,945150.0
2019-06-06,971362.0
2019-06-07,1540466.0
2019-06-08,488055.0
2019-06-09,599180.0
2019-06-10,1126610.0
2019-06-11,557353.0
2019-06-12,982855.0
2019-06-13,1141049.0
2019-06-14,1009076.0
2019-06-15,1568910.0
2019-06-16,1949403.0
2019-06-17,1104693.0
2019-06-18,656416.0
2019-06-19,621889.0
2019-06-20,681450.0
2019-06-21,1787774.0
2019-06-22,3071434.0
2019-06-23,1466740.0
2019-06-24,791795.0
2019-06-25,1580126.0
2019-06-26,4013697.0
2019-06-27,3702900.0
2019-06-28,1406723.0
2019-06-29,1767661.0
2019-06-30,1226242.0
2019-07-01,1675420.0
2019-07-02,1611676.0
2019-07-03,1200937.0
2019-07-04,1358910.0
2019-07-05,1036571.0
2019-07-06,1132228.0
2019-07-07,787043.0
2019-07-08,1158658.0
2019-07-09,2799912.0
2019-07-10,1995785.0
2019-07-11,1604643.0
2019-07-12,954129.0
2019-07-13,806595.0
2019-07-14,2568239.0
2019-07-15,2776446.0
2019-07-16,3228482.0
2019-07-17,2376118.0
2019-07-18,1342581.0
2019-07-19,952303.0
2019-07-20,1047164.0
2019-07-21,492956.0
2019-07-22,1172869.0
2019-07-23,1196501.0
2019-07-24,1151861.0
2019-07-25,959793.0
2019-07-26,1816017.0
2019-07-27,531141.0
2019-07-28,566324.0
2019-07-29,458367.0
2019-07-30,847660.0
2019-07-31,878776.0
2019-08-01,897804.0
2019-08-02,1196867.0
2019-08-03,482237.0
2019-08-04,464682.0
2019-08-05,1487147.0
2019-08-06,1061893.0
2019-08-07,726229.0
2019-08-08,765034.0
2019-08-09,1736231.0
2019-08-10,603839.0
2019-08-11,546205.0
2019-08-12,483755.0
2019-08-13,592233.0
2019-08-14,1821629.0
2019-08-15,1858655.0
2019-08-16,1092090.0
2019-08-17,396206.0
2019-08-18,1009949.0
2019-08-19,606670.0
2019-08-20,571134.0
2019-08-21,726582.0
2019-08-22,675283.0
2019-08-23,439097.0
2019-08-24,489789.0
2019-08-25,1220375.0
2019-08-26,527578.0
2019-08-27,732913.0
2019-08-28,1721215.0
2019-08-29,1105198.0
2019-08-30,614138.0
2019-08-31,330781.0
2019-09-01,540596.0
2019-09-02,566471.0
2019-09-03,600946.0
2019-09-04,933777.0
2019-09-05,1278943.0
2019-09-06,962899.0
2019-09-07,536671.0
2019-09-08,418105.0
2019-09-09,558075.0
2019-09-10,464380.0
2019-09-11,609045.0
2019-09-12,417661.0
2019-09-13,480703.0
2019-09-14,417773.0
2019-09-15,342060.0
2019-09-16,819090.0
2019-09-17,1460730.0
2019-09-18,1218189.0
2019-09-19,1025407.0
2019-09-20,695390.0
2019-09-21,416396.0
2019-09-22,436941.0
2019-09-23,894123.0
2019-09-24,3248279.0
2019-09-25,991393.0
2019-09-26,1411552.0
2019-09-27,827808.0
2019-09-28,651371.0
2019-09-29,423061.0
2019-09-30,660774.0
2019-10-01,715947.0
2019-10-02,514614.0
2019-10-03,520274.0
2019-10-04,798953.0
2019-10-05,491996.0
2019-10-06,457053.0
2019-10-07,947215.0
2019-10-08,566939.0
2019-10-09,1661350.0
2019-10-10,1175354.0
2019-10-11,929560.0
2019-10-12,369449.0
2019-10-13,425513.0
2019-10-14,786172.0
2019-10-15,664779.0
2019-10-16,1216313.0
2019-10-17,1140774.0
2019-10-18,800401.0
2019-10-19,370155.0
2019-10-20,442231.0
2019-10-21,761421.0
2019-10-22,676934.0
2019-10-23,1631324.0
2019-10-24,680305.0
2019-10-25,1778170.0
2019-10-26,2508354.0
2019-10-27,913460.0
2019-10-28,1047444.0
2019-10-29,899497.0
2019-10-30,677221.0
2019-10-31,1118844.0
2019-11-01,1151043.0
2019-11-02,415187.0
2019-11-03,540545.0
2019-11-04,608122.0
2019-11-05,723388.0
2019-11-06,927883.0
2019-11-07,1542230.0
2019-11-08,1131156.0
2019-11-09,988053.0
2019-11-10,932850.0
2019-11-11,1355638.0
2019-11-12,909205.0
2019-11-13,781580.0
2019-11-14,994395.0
2019-11-15,1410740.0
2019-11-16,500099.0
2019-11-17,888837.0
2019-11-18,1049074.0
2019-11-19,2070078.0
2019-11-20,1954891.0
2019-11-21,3583471.0
2019-11-22,8040170.0
2019-11-23,2184078.0
2019-11-24,2984111.0
2019-11-25,5594382.0
2019-11-26,1705946.0
2019-11-27,1873733.0
2019-11-28,1601217.0
2019-11-29,2623874.0
2019-11-30,1979307.0
2019-12-01,2267612.0
2019-12-02,3300242.0
2019-12-03,2935734.0
2019-12-04,3622722.0
2019-12-05,3648723.0
2019-12-06,1246127.0
2019-12-07,1221006.0
2019-12-08,1413557.0
2019-12-09,1085406.0
2019-12-10,1875526.0
2019-12-11,1929591.0
2019-12-12,1090662.0
2019-12-13,934889.0
2019-12-14,1305699.0
2019-12-15,977697.0
2019-12-16,2182618.0
2019-12-17,4170458.0
2019-12-18,2840453.0
2019-12-19,2082836.0
2019-12-20,1801198.0
2019-12-21,1242418.0
2019-12-22,1187892.0
2019-12-23,1812150.0
2019-12-24,3828471.0
2019-12-25,4802481.0
2019-12-26,1540345.0
2019-12-27,801099.0
2019-12-28,688862.0
2019-12-29,997096.0
2019-12-30,955503.0
2019-12-31,1011035.0
2020-01-01,1179814.0
2020-01-02,1523649.0
2020-01-03,1106257.0
2020-01-04,768180.0
2020-01-05,1060523.0
2020-01-06,3133488.0
2020-01-07,1824665.0
2020-01-08,2905389.0
2020-01-09,1807353.0
2020-01-10,1449786.0
2020-01-11,2215454.0
2020-01-12,1949865.0
2020-01-13,1590349.0
2020-01-14,3196900.0
2020-01-15,3271209.0
2020-01-16,2880547.0
2020-01-17,3335861.0
2020-01-18,2766457.0
2020-01-19,2279251.0
2020-01-20,2779519.0
2020-01-21,2165912.0
2020-01-22,2458304.0
2020-01-23,1776859.0
2020-01-24,1799707.0
2020-01-25,1143870.0
2020-01-26,929115.0
2020-01-27,1524891.0
2020-01-28,2373777.0
2020-01-29,2173712.0
2020-01-30,2122080.0
2020-01-31,1808177.0
2020-02-01,1537172.0
2020-02-02,2447412.0
2020-02-03,3731278.0
2020-02-04,2370817.0
2020-02-05,4658966.0
2020-02-06,3848221.0
2020-02-07,3579649.0
2020-02-08,3180788.0
2020-02-09,4517971.0
2020-02-10,3842383.0
2020-02-11,4663495.0
2020-02-12,7973430.0
2020-02-13,5902266.0
2020-02-14,8256782.0
2020-02-15,10152202.0
2020-02-16,6273611.0
2020-02-17,5510108.0
2020-02-18,6750925.0
2020-02-19,8961689.0
2020-02-20,4629073.0
2020-02-21,4153144.0
2020-02-22,3822034.0
2020-02-23,2872284.0
2020-02-24,4237271.0
2020-02-25,5044764.0
2020-02-26,6838835.0
2020-02-27,6661692.0
2020-02-28,5125945.0
2020-02-29,3137940.0
2020-03-01,4964779.0
2020-03-02,3701694.0
2020-03-03,4009206.0
2020-03-04,3463888.0
2020-03-05,3609800.0
2020-03-06,3302485.0
2020-03-07,4168193.0
2020-03-08,7194498.0
2020-03-09,9635698.0
2020-03-10,6374946.0
2020-03-11,6118729.0
2020-03-12,32778631.0
2020-03-13,39690415.0
2020-03-14,8207778.0
2020-03-15,11241301.0
2020-03-16,16996642.0
2020-03-17,6921115.0
2020-03-18,3879924.0
2020-03-19,6620045.0
2020-03-20,7596095.0
2020-03-21,2969761.0
2020-03-22,3394699.0
2020-03-23,3617719.0
2020-03-24,3573036.0
2020-03-25,3053507.0
2020-03-26,2430717.0
2020-03-27,2758261.0
2020-03-28,2590850.0
2020-03-29,1437058.0
2020-03-30,1926251.0
2020-03-31,1689737.0
2020-04-01,1604435.0
2020-04-02,2456615.0
2020-04-03,2115121.0
2020-04-04,1576016.0
2020-04-05,1268873.0
2020-04-06,4762481.0
2020-04-07,5169571.0
2020-04-08,2931892.0
2020-04-09,2091865.0
2020-04-10,3408377.0
2020-04-11,1506081.0
2020-04-12,1886491.0
2020-04-13,2602552.0
2020-04-14,2732434.0
2020-04-15,2461739.0
2020-04-16,6932328.0
2020-04-17,2553570.0
2020-04-18,18622894.0
2020-04-19,5298564.0
2020-04-20,6514602.0
2020-04-21,6673860.0
2020-04-22,12298131.0
2020-04-23,8325039.0
2020-04-24,7071409.0
2020-04-25,7094129.0
2020-04-26,8585186.0
2020-04-27,7458009.0
2020-04-28,5984903.0
2020-04-29,13042627.0
2020-04-30,13964444.0
2020-05-01,7487028.0
2020-05-02,8615531.0
2020-05-03,7957620.0
2020-05-04,13227573.0
2020-05-05,8707345.0
2020-05-06,8313300.0
2020-05-07,7672032.0
2020-05-08,10578764.0
2020-05-09,12403067.0
2020-05-10,16588952.0
2020-05-11,11872059.0
2020-05-12,8156568.0
2020-05-13,9196271.0
2020-05-14,7843341.0
2020-05-15,7521777.0
2020-05-16,7037187.0
2020-05-17,13884539.0
2020-05-18,11557740.0
2020-05-19,13106446.0
2020-05-20,11193762.0
2020-05-21,7442096.0
2020-05-22,6563073.0
2020-05-23,5151645.0
2020-05-24,8255525.0
2020-05-25,3663889.0
2020-05-26,8144424.0
2020-05-27,5951910.0
2020-05-28,5208477.0
2020-05-29,12001928.0
2020-05-30,6806426.0
2020-05-31,5939069.0
2020-06-01,7087471.0
2020-06-02,10712652.0
2020-06-03,6509642.0
2020-06-04,6074431.0
2020-06-05,7005570.0
2020-06-06,7531117.0
2020-06-07,7971625.0
2020-06-08,8065845.0
2020-06-09,14844101.0
2020-06-10,11306424.0
2020-06-11,15966974.0
2020-06-12,8117929.0
2020-06-13,7289002.0
2020-06-14,6487333.0
2020-06-15,14710993.0
2020-06-16,9287709.0
2020-06-17,103381057.0
2020-06-18,59263531.0
2020-06-19,62614241.0
2020-06-20,14597636.0
2020-06-21,21756163.0
2020-06-22,27663799.0
2020-06-23,22743965.0
2020-06-24,26681477.0
2020-06-25,24494366.0
2020-06-26,21596287.0
2020-06-27,22108343.0
2020-06-28,15333028.0
2020-06-29,16692007.0
2020-06-30,15718894.0
2020-07-01,22077475.0
2020-07-02,24727113.0
2020-07-03,22687542.0
2020-07-04,16850553.0
2020-07-05,15394532.0
2020-07-06,19159413.0
2020-07-07,17347019.0
2020-07-08,22162555.0
2020-07-09,23654370.0
2020-07-10,21044082.0
2020-07-11,21579869.0
2020-07-12,30435157.0
2020-07-13,48924929.0
2020-07-14,28740399.0
2020-07-15,30863300.0
2020-07-16,29519899.0
2020-07-17,44491007.0
2020-07-18,46872140.0
2020-07-19,51771839.0
2020-07-20,58900915.0
2020-07-21,58435280.0
2020-07-22,69920417.0
2020-07-23,76318781.0
2020-07-24,79542813.0
2020-07-25,106467587.0
2020-07-26,109988351.0
2020-07-27,143772908.0
2020-07-28,96780504.0
2020-07-29,111041977.0
2020-07-30,130918206.0
2020-07-31,128786801.0
2020-08-01,109468621.0
2020-08-02,96254236.0
2020-08-03,93300626.0
2020-08-04,91919753.0
2020-08-05,85645168.0
2020-08-06,88968444.0
2020-08-07,136170086.0
2020-08-08,136423989.0
2020-08-09,157912001.0
2020-08-10,246380783.0
2020-08-11,184962498.0
2020-08-12,297356259.0
2020-08-13,286526444.0
2020-08-14,222128897.0
2020-08-15,176918887.0
2020-08-16,184500723.0
2020-08-17,194635358.0
2020-08-18,246827661.0
2020-08-19,225306113.0
2020-08-20,240880731.0
2020-08-21,271721074.0
2020-08-22,181916918.0
2020-08-23,170068899.0
2020-08-24,209123820.0
2020-08-25,200858531.0
2020-08-26,216542351.0
2020-08-27,176847409.0
2020-08-28,244615401.0
2020-08-29,340285283.0
2020-08-30,552280603.0
2020-08-31,625700621.0
2020-09-01,1001708295.0
2020-09-02,997544013.0
2020-09-03,920351717.0
2020-09-04,629588941.0
2020-09-05,891299728.0
2020-09-06,692902059.0
2020-09-07,480824389.0
2020-09-08,420130054.0
2020-09-09,501212588.0
2020-09-10,730106234.0
2020-09-11,559583561.0
2020-09-12,549759761.0
2020-09-13,616601792.0
2020-09-14,669639095.0
2020-09-15,645128602.0
2020-09-16,567721655.0
2020-09-17,741229094.0
2020-09-18,740075941.0
2020-09-19,607659984.0
2020-09-20,493664413.0
2020-09-21,603288486.0
2020-09-22,432110000.0
2020-09-23,466485735.0
2020-09-24,375129270.0
2020-09-25,334470017.0
2020-09-26,308141387.0
2020-09-27,378492318.0
2020-09-28,368608103.0
2020-09-29,490680435.0
2020-09-30,368027604.0
2020-10-01,463132242.0
2020-10-02,546938891.0
2020-10-03,343207551.0
2020-10-04,412019717.0
2020-10-05,346765378.0
2020-10-06,513647792.0
2020-10-07,437933332.0
2020-10-08,433597530.0
2020-10-09,367406063.0
2020-10-10,314446096.0
2020-10-11,270790618.0
2020-10-12,343309400.0
2020-10-13,264009184.0
2020-10-14,283888097.0
2020-10-15,277596553.0
2020-10-16,247611061.0
2020-10-17,182185566.0
2020-10-18,195526186.0
2020-10-19,223382146.0
2020-10-20,259024515.0
2020-10-21,345427473.0
2020-10-22,297704443.0
2020-10-23,266172670.0
2020-10-24,170703552.0
2020-10-25,189641052.0
2020-10-26,2249173394.0
2020-10-27,248128584.0
2020-10-28,452130518.0
2020-10-29,385482644.0
2020-10-30,400956909.0
2020-10-31,266297756.0
2020-11-01,205680449.0
2020-11-02,258753229.0
2020-11-03,262091530.0
2020-11-04,274966733.0
2020-11-05,363833323.0
2020-11-06,441795342.0
2020-11-07,521274106.0
2020-11-08,254120672.0
2020-11-09,302831473.0
2020-11-10,299828271.0
2020-11-11,297552505.0
2020-11-12,280179761.0
2020-11-13,318473463.0
2020-11-14,462993951.0
2020-11-15,318900418.0
2020-11-16,359216296.0
2020-11-17,505366509.0
2020-11-18,442859607.0
2020-11-19,368638749.0
2020-11-20,443125675.0
2020-11-21,558821127.0
2020-11-22,651146477.0
2020-11-23,513329365.0
2020-11-24,571559693.0
2020-11-25,423405971.0
2020-11-26,997624304.0
2020-11-27,333087617.0
2020-11-28,252671147.0
2020-11-29,270257820.0
2020-11-30,444312205.0
2020-12-01,528945637.0
2020-12-02,387450585.0
2020-12-03,408390520.0
2020-12-04,432909010.0
2020-12-05,374985333.0
2020-12-06,474323446.0
2020-12-07,393658194.0
2020-12-08,523806975.0
2020-12-09,469913743.0
2020-12-10,411079307.0
2020-12-11,406987228.0
2020-12-12,311933983.0
2020-12-13,310061035.0
2020-12-14,331937340.0
2020-12-15,387154130.0
2020-12-16,444233148.0
2020-12-17,1129743430.0
2020-12-18,438583783.0
2020-12-19,460127386.0
2020-12-20,434855883.0
2020-12-21,566396833.0
2020-12-22,526706123.0
2020-12-23,658025127.0
2020-12-24,578400245.0
2020-12-25,479837408.0
2020-12-26,480490460.0
2020-12-27,731442473.0
2020-12-28,704484128.0
2020-12-29,738757930.0
2020-12-30,757820323.0
2020-12-31,719110820.0
2021-01-01,700074066.0
2021-01-02,817262758.0
2021-01-03,1324785608.0
2021-01-04,1685239404.0
2021-01-05,1384653602.0
2021-01-06,1347906632.0
2021-01-07,1358560286.0
2021-01-08,1554700884.0
2021-01-09,1272861751.0
2021-01-10,1324464739.0
2021-01-11,2303997140.0
2021-01-12,1207920655.0
2021-01-13,978783123.0
2021-01-14,1043148704.0
2021-01-15,1347805114.0
2021-01-16,1202649258.0
2021-01-17,1104292957.0
2021-01-18,1095625222.0
2021-01-19,1700086940.0
2021-01-20,1294562812.0
2021-01-21,1589688616.0
2021-01-22,1453839435.0
2021-01-23,1148852475.0
2021-01-24,1316544882.0
2021-01-25,1692531870.0
2021-01-26,1457289030.0
2021-01-27,1432072953.0
2021-01-28,1241701691.0
2021-01-29,1977238759.0
2021-01-30,1358025882.0
2021-01-31,1406343919.0
2021-02-01,1515195501.0
2021-02-02,1696786405.0
2021-02-03,1542003498.0
2021-02-04,2315476674.0
2021-02-05,1951649967.0
2021-02-06,1848626622.0
2021-02-07,1651303747.0
2021-02-08,1940674765.0
2021-02-09,1789318906.0
2021-02-10,1910127477.0
2021-02-11,1502425822.0
2021-02-12,1686263502.0
2021-02-13,1695773096.0
2021-02-14,1531627796.0
2021-02-15,2069869264.0
2021-02-16,1567458247.0
2021-02-17,1783063417.0
2021-02-18,1765486108.0
2021-02-19,1764549644.0
2021-02-20,2261793841.0
2021-02-21,1557193089.0
2021-02-22,2733637745.0
2021-02-23,3566835880.0
2021-02-24,1952561465.0
2021-02-25,1700115112.0
2021-02-26,1889415464.0
2021-02-27,1343020049.0
2021-02-28,1889829565.0
2021-03-01,1482502241.0
2021-03-02,1562486159.0
2021-03-03,1443573564.0
2021-03-04,1458022605.0
2021-03-05,1540317990.0
2021-03-06,1294569143.0
2021-03-07,1605084679.0
2021-03-08,1661897446.0
2021-03-09,1762475616.0
2021-03-10,1429106392.0
2021-03-11,1427201821.0
2021-03-12,1503421464.0
2021-03-13,1638893044.0
2021-03-14,1460275348.0
2021-03-15,1570442736.0
2021-03-16,1392110225.0
2021-03-17,1393141882.0
2021-03-18,1239746509.0
2021-03-19,1390499307.0
2021-03-20,1232040372.0
2021-03-21,1332545021.0
2021-03-22,1845366693.0
2021-03-23,1588292962.0
2021-03-24,1832522754.0
2021-03-25,1617970644.0
2021-03-26,1356199702.0
2021-03-27,1276300399.0
2021-03-28,1918436920.0
2021-03-29,967170024.0
2021-03-30,866160935.0
2021-03-31,1061781116.0
2021-04-01,2845802148.0
2021-04-02,2887475846.0
2021-04-03,1748452134.0
2021-04-04,1390092944.0
2021-04-05,1565369980.0
2021-04-06,1682712239.0
2021-04-07,2027199397.0
2021-04-08,1539850302.0
2021-04-09,1371812959.0
2021-04-10,1462999009.0
2021-04-11,1282281654.0
2021-04-12,1519255586.0
2021-04-13,1626872560.0
2021-04-14,1999494555.0
2021-04-15,1752255777.0
2021-04-16,1924758081.0
2021-04-17,1809290807.0
2021-04-18,2825132905.0
2021-04-19,1971834510.0
2021-04-20,2459171527.0
2021-04-21,2090207829.0
2021-04-22,2831842773.0
2021-04-23,2992306793.0
2021-04-24,1450229105.0
2021-04-25,1391128219.0
2021-04-26,1807100859.0
2021-04-27,1807160605.0
2021-04-28,1945422279.0
2021-04-29,1700805714.0
2021-04-30,1637967286.0
2021-05-01,1738301859.0
2021-05-02,2144072673.0
2021-05-03,2657351419.0
2021-05-04,3077976161.0
2021-05-05,2274144663.0
2021-05-06,2105829873.0
2021-05-07,2141000362.0
2021-05-08,4134337990.0
2021-05-09,3335140603.0
2021-05-10,4989499366.0
2021-05-11,3763685525.0
2021-05-12,5748066778.0
2021-05-13,5220958565.0
2021-05-14,3462237434.0
2021-05-15,3235337798.0
2021-05-16,3958297037.0
2021-05-17,4514738104.0
2021-05-18,3712873091.0
2021-05-19,9754342511.0
2021-05-20,5621905360.0
2021-05-21,4948296831.0
2021-05-22,3388357100.0
2021-05-23,6050292314.0
2021-05-24,4200284723.0
2021-05-25,3621092227.0
2021-05-26,3879370922.0
2021-05-27,3032614848.0
2021-05-28,3337108030.0
2021-05-29,2892959945.0
2021-05-30,2362591522.0
2021-05-31,2325531166.0
2021-06-01,2240834367.0
2021-06-02,1872374511.0
2021-06-03,2375427663.0
2021-06-04,2978358444.0
2021-06-05,1782622007.0
2021-06-06,1080240124.0
2021-06-07,1953960289.0
2021-06-08,2828823409.0
2021-06-09,2400919970.0
2021-06-10,1814579007.0
2021-06-11,1989546173.0
2021-06-12,1786208068.0
2021-06-13,1583261172.0
2021-06-14,1628515884.0
2021-06-15,1619574384.0
2021-06-16,1556827070.0
2021-06-17,1624723346.0
2021-06-18,1836687860.0
2021-06-19,1305252590.0
2021-06-20,1641377258.0
2021-06-21,3125070277.0
2021-06-22,2939083607.0
2021-06-23,1837127012.0
2021-06-24,1407625070.0
2021-06-25,1733046935.0
2021-06-26,1539424192.0
2021-06-27,1437099207.0
2021-06-28,2636609054.0
2021-06-29,1670739712.0
2021-06-30,1807329220.0
2021-07-01,2775494203.0
2021-07-02,1546943161.0
2021-07-03,1201706568.0
2021-07-04,1638554460.0
2021-07-05,1513201488.0
2021-07-06,1978563680.0
2021-07-07,1507287673.0
2021-07-08,1720139282.0
2021-07-09,1715157372.0
2021-07-10,1297855195.0
2021-07-11,843015283.0
2021-07-12,1196390556.0
2021-07-13,1517685433.0
2021-07-14,1723094605.0
2021-07-15,1768877050.0
2021-07-16,1359580177.0
2021-07-17,1147451191.0
2021-07-18,1434412962.0
2021-07-19,1205887603.0
2021-07-20,1825682191.0
2021-07-21,1974714523.0
2021-07-22,1530877894.0
2021-07-23,1303084050.0
2021-07-24,1332044167.0
2021-07-25,1158789813.0
2021-07-26,3546862962.51
2021-07-27,2041786543.0
2021-07-28,1920861275.0
2021-07-29,1453106964.0
2021-07-30,1887594138.0
2021-07-31,1449294793.0
2021-08-01,2048638908.0
2021-08-02,1799119108.0
2021-08-03,2086949651.0
2021-08-04,2334127014.0
2021-08-05,2616263894.0
2021-08-06,2145184642.0
2021-08-07,2836289417.0
2021-08-08,2806586255.0
2021-08-09,3251090710.0
2021-08-10,2296364376.0
2021-08-11,2200348828.0
2021-08-12,2337700967.0
2021-08-13,1867746307.0
2021-08-14,1540466981.0
2021-08-15,1781288148.0
2021-08-16,2291952343.0
2021-08-17,3214713010.0
2021-08-18,2785570273.0
2021-08-19,2347279702.0
2021-08-20,2232545850.0
2021-08-21,1720629017.0
2021-08-22,1803492744.0
2021-08-23,2242959839.0
2021-08-24,3020261555.0
2021-08-25,2209990873.0
2021-08-26,2179634984.0
2021-08-27,1859289358.0
2021-08-28,1290599251.0
2021-08-29,1786477700.0
2021-08-30,2466213200.0
2021-08-31,2687582350.0
2021-09-01,2911982923.0
2021-09-02,2393094869.0
2021-09-03,2710984693.0
2021-09-04,2002508335.0
2021-09-05,1927154529.0
2021-09-06,2222216332.0
2021-09-07,4767264013.0
2021-09-08,3689603540.0
2021-09-09,2520388119.0
2021-09-10,2657387278.0
2021-09-11,1786316622.0
2021-09-12,1709514967.0
2021-09-13,2339706233.0
2021-09-14,1789265156.0
2021-09-15,1983075613.0
2021-09-16,2467261126.0
2021-09-17,2182085869.0
2021-09-18,1554631917.0
2021-09-19,1561863692.0
2021-09-20,3709367485.0
2021-09-21,3582359291.0
2021-09-22,2506384401.0
2021-09-23,1901197219.0
2021-09-24,2782792927.0
2021-09-25,2005875550.0
2021-09-26,2826607664.0
2021-09-27,2133286208.0
2021-09-28,2002381411.0
2021-09-29,1812484819.0
2021-09-30,2053032063.0
2021-10-01,2327505639.0
2021-10-02,1763800702.0
2021-10-03,1658835368.0
2021-10-04,2280632528.0
2021-10-05,2151610838.0
2021-10-06,2922815097.0
2021-10-07,3016859961.0
2021-10-08,2127881385.0
2021-10-09,1505535102.0
2021-10-10,2123827905.0
2021-10-11,2685236521.0
2021-10-12,2757740393.0
2021-10-13,2486610647.0
2021-10-14,3153303917.0
2021-10-15,4192567595.0
2021-10-16,2482060661.0
2021-10-17,2371029083.0
2021-10-18,2533374094.0
2021-10-19,2716086238.0
2021-10-20,2950832603.0
2021-10-21,4151462326.0
2021-10-22,2859512905.0
2021-10-23,2289393080.0
2021-10-24,2587933671.0
2021-10-25,2750948977.0
2021-10-26,3822285051.0
2021-10-27,5033057547.0
2021-10-28,4516281728.0
2021-10-29,3924716643.0
2021-10-30,3300778082.0
2021-10-31,3101778777.0
2021-11-01,3034118885.0
2021-11-02,3628318226.0
2021-11-03,3847883846.0
2021-11-04,3479370751.0
2021-11-05,3015840449.0
2021-11-06,2603686877.0
2021-11-07,2443177714.0
2021-11-08,3253194212.0
2021-11-09,3267867019.0
2021-11-10,5145312535.0
2021-11-11,4006199778.0
2021-11-12,3893271582.0
2021-11-13,2520976886.0
2021-11-14,2589708001.0
2021-11-15,3097170025.0
2021-11-16,4924685228.0
2021-11-17,3785918091.0
2021-11-18,4824023850.0
2021-11-19,3334330130.0
2021-11-20,2631782118.0
2021-11-21,2846931556.0
2021-11-22,3988152824.0
2021-11-23,3815803833.0
2021-11-24,4107375719.0
2021-11-25,3853882525.0
2021-11-26,5749271102.0
2021-11-27,2937305469.0
2021-11-28,3303620114.0
2021-11-29,3220410169.0
2021-11-30,4814024844.0
2021-12-01,3786119549.0
2021-12-02,4005365951.0
2021-12-03,4685648707.0
2021-12-04,7178725405.0
2021-12-05,4181833088.0
2021-12-06,5450537287.0
2021-12-07,3207325162.0
2021-12-08,3165670431.0
2021-12-09,4255690034.0
2021-12-10,4695498408.0
2021-12-11,3040767830.0
2021-12-12,2123534732.0
2021-12-13,3713959944.0
2021-12-14,3098922815.0
2021-12-15,4373610044.0
2021-12-16,2831963993.0
2021-12-17,3784337084.0
2021-12-18,2858655700.0
2021-12-19,2522539921.0
2021-12-20,3107950710.0
2021-12-21,2580027612.0
2021-12-22,2317395158.0
2021-12-23,2917079594.0
2021-12-24,2318126595.0
2021-12-25,2177880383.0
2021-12-26,1861757645.0
2021-12-27,2066407788.0
2021-12-28,3229360579.0
2021-12-29,2503370556.0
2021-12-30,2298527855.0
2021-12-31,2479154475.0
2022-01-01,1932598162.0
2022-01-02,1762835312.0
2022-01-03,2240516792.0
2022-01-04,2493910057.0
2022-01-05,3618125739.0
2022-01-06,3180521540.0
2022-01-07,3885309114.0
2022-01-08,2907829029.0
2022-01-09,1743153652.0
2022-01-10,3667804898.0
2022-01-11,2513789622.0
2022-01-12,2522107990.0
2022-01-13,2744810565.0
2022-01-14,2162462362.0
2022-01-15,1612295775.0
2022-01-16,1729743973.0
2022-01-17,2715642122.0
2022-01-18,2598387751.0
2022-01-19,2512742827.0
2022-01-20,2888726864.0
2022-01-21,6542900188.0
2022-01-22,5034444369.0
2022-01-23,3078079665.0
2022-01-24,4715802416.0
2022-01-25,2417447160.0
2022-01-26,3728091567.0
2022-01-27,2979177933.0
2022-01-28,2975216700.0
2022-01-29,1926426458.0
2022-01-30,1593315022.0
2022-01-31,2016448676.0
2022-02-01,2214025149.0
2022-02-02,2108428901.0
2022-02-03,1936072746.0
2022-02-04,2283265352.0
2022-02-05,1959551146.0
2022-02-06,1577174490.0
2022-02-07,2137425392.0
2022-02-08,2202924084.0
2022-02-09,2009250113.0
2022-02-10,2813438432.0
2022-02-11,2947595408.0
2022-02-12,1909787178.0
2022-02-13,1290348645.0
2022-02-14,1702251230.0
2022-02-15,2156989486.0
2022-02-16,2203866994.0
2022-02-17,2581605713.0
2022-02-18,2149949311.0
2022-02-19,1294894920.0
2022-02-20,2094542353.0
2022-02-21,2851839446.0
2022-02-22,2250505026.0
2022-02-23,1890568600.0
2022-02-24,4562882780.0
2022-02-25,2756173341.0
2022-02-26,1627807290.0
2022-02-27,2394949199.0
2022-02-28,2512171375.0
2022-03-01,2622433450.0
2022-03-02,2575981646.0
2022-03-03,1798931378.0
2022-03-04,2486446278.0
2022-03-05,1214302389.0
2022-03-06,1453584135.0
2022-03-07,2094296798.0
2022-03-08,2069528134.0
2022-03-09,1960568899.0
2022-03-10,1792114364.0
2022-03-11,1774496202.0
2022-03-12,977494196.0
2022-03-13,1300742118.0
2022-03-14,1504478488.0
2022-03-15,1585608891.0
2022-03-16,2341156209.0
2022-03-17,2190304827.0
2022-03-18,2683793852.0
2022-03-19,1611897552.0
2022-03-20,1584822652.0
2022-03-21,1662211942.0
2022-03-22,1986792580.0
2022-03-23,1729434931.0
2022-03-24,2402303465.0
2022-03-25,2184838800.0
2022-03-26,1211008899.0
2022-03-27,1549091298.0
2022-03-28,2455454173.0
2022-03-29,2468623815.0
2022-03-30,2140371632.0
2022-03-31,2227778565.0
2022-04-01,2397499859.0
2022-04-02,2325763367.0
2022-04-03,1776513022.0
2022-04-04,2264418599.0
2022-04-05,2062885986.0
2022-04-06,3207726964.0
2022-04-07,2245390353.0
2022-04-08,2569874751.0
2022-04-09,1392878135.0
2022-04-10,1250363503.0
2022-04-11,3358168793.0
2022-04-12,2588485494.0
2022-04-13,2056931633.0
2022-04-14,1890892528.0
2022-04-15,1392591735.0
2022-04-16,810342581.0
2022-04-17,1578103502.0
2022-04-18,1997011778.0
2022-04-19,1787010243.0
2022-04-20,2231446837.0
2022-04-21,2277909406.0
2022-04-22,1651824980.0
2022-04-23,1006474310.0
2022-04-24,985551961.0
2022-04-25,2068288438.0
2022-04-26,1922647725.0
2022-04-27,1680706757.0
2022-04-28,2258762559.0
2022-04-29,2374437897.0
2022-04-30,2562430325.0
2022-05-01,2055204024.0
2022-05-02,1900023024.0
2022-05-03,1770310277.0
2022-05-04,2213386403.0
2022-05-05,2482001261.0
2022-05-06,2785861234.0
2022-05-07,1481296564.0
2022-05-08,2582441137.0
2022-05-09,4620125345.0
2022-05-10,4014513362.0
2022-05-11,6888108656.0
2022-05-12,7223061429.0
2022-05-13,3479398044.0
2022-05-14,2023098584.0
2022-05-15,1497914290.0
2022-05-16,2375391834.0
2022-05-17,1666998067.0
2022-05-18,1854503237.0
2022-05-19,2190943598.0
2022-05-20,1745796633.0
2022-05-21,911264725.0
2022-05-22,952676120.0
2022-05-23,1621663994.0
2022-05-24,1244581542.0
2022-05-25,1374830484.0
2022-05-26,2655789727.0
2022-05-27,2184710418.0
2022-05-28,1276738068.0
2022-05-29,785191943.0
2022-05-30,1958092818.0
2022-05-31,1420570504.0
2022-06-01,1647658153.0
2022-06-02,1325808493.0
2022-06-03,1150020308.0
2022-06-04,844223137.0
2022-06-05,850738101.0
2022-06-06,1277803885.0
2022-06-07,1950587884.0
2022-06-08,1491092800.0
2022-06-09,978742377.0
2022-06-10,1763542623.0
2022-06-11,1892608073.0
2022-06-12,2117265495.0
2022-06-13,5064469403.0
2022-06-14,3597118309.0
2022-06-15,3881194837.0
2022-06-16,2179938367.0
2022-06-17,1704594316.0
2022-06-18,2378841624.0
2022-06-19,2179664073.0
2022-06-20,1988960023.0
2022-06-21,1636389403.0
2022-06-22,1372567880.0
2022-06-23,1408325635.0
2022-06-24,1526676227.0
2022-06-25,873527012.0
2022-06-26,901636031.0
2022-06-27,879385180.0
2022-06-28,1117976590.0
2022-06-29,1313771775.0
2022-06-30,1554448017.0
2022-07-01,1576301191.0
2022-07-02,878894523.0
2022-07-03,786283550.0
2022-07-04,1177631522.0
2022-07-05,1428023292.0
2022-07-06,1396890317.0
2022-07-07,1221635471.0
2022-07-08,1447336220.0
2022-07-09,683354058.0
2022-07-10,937424433.0
2022-07-11,988514024.0
2022-07-12,1186774305.0
2022-07-13,1353625566.0
2022-07-14,1287102780.0
2022-07-15,1523421728.0
2022-07-16,1517315848.0
2022-07-17,1330910277.0
2022-07-18,2097024154.0
2022-07-19,2404824789.0
2022-07-20,2028372087.0
2022-07-21,1627071528.0
2022-07-22,1442858540.0
2022-07-23,1144485474.0
2022-07-24,1239286489.0
2022-07-25,1671192260.0
2022-07-26,1694875632.0
2022-07-27,1965344926.0
2022-07-28,2316931536.0
2022-07-29,1804954717.0
2022-07-30,1214975243.0
2022-07-31,1090297139.0
2022-08-01,1500453837.0
2022-08-02,1782467286.0
2022-08-03,1192111814.0
2022-08-04,1198843271.0
2022-08-05,1534881366.0
2022-08-06,784367851.0
2022-08-07,743568570.0
2022-08-08,1534254008.0
2022-08-09,1612415605.0
2022-08-10,1932920135.0
2022-08-11,2176402760.0
2022-08-12,1228046505.0
2022-08-13,1418168192.0
2022-08-14,1257690350.0
2022-08-15,2059888444.0
2022-08-16,1673126341.0
2022-08-17,2038449732.0
2022-08-18,1311610633.0
2022-08-19,2935011076.0
2022-08-20,1906037625.0
2022-08-21,1625912447.0
2022-08-22,1714497776.0
2022-08-23,2070289801.0
2022-08-24,1501021673.0
2022-08-25,1370050445.0
2022-08-26,2054552880.0
2022-08-27,1325628858.0
2022-08-28,1289864138.0
2022-08-29,1767266552.0
2022-08-30,2021176368.0
2022-08-31,1922611894.0
2022-09-01,1879556844.0
2022-09-02,1697680333.0
2022-09-03,1026016593.0
2022-09-04,1144795672.0
2022-09-05,1245539150.0
2022-09-06,2163093009.0
2022-09-07,1964071945.0
2022-09-08,1472628848.0
2022-09-09,1551746345.0
2022-09-10,1160296784.0
2022-09-11,1059502743.0
2022-09-12,1584388564.0
2022-09-13,2518028447.0
2022-09-14,1984155522.0
2022-09-15,2079531422.0
2022-09-16,1280662151.0
2022-09-17,733262385.0
2022-09-18,944150889.0
2022-09-19,1488729663.0
2022-09-20,1296591827.0
2022-09-21,1584131565.0
2022-09-22,1287404731.0
2022-09-23,1331667921.0
2022-09-24,971188992.0
2022-09-25,715365601.0
2022-09-26,1173594706.0
2022-09-27,1538485793.0
2022-09-28,1563684381.0
2022-09-29,1260749027.0
2022-09-30,1459842584.0
2022-10-01,1020568155.0
2022-10-02,744585831.0
2022-10-03,1530489048.0
2022-10-04,1116050033.0
2022-10-05,1033887795.0
2022-10-06,1421795722.0
2022-10-07,1000703903.0
2022-10-08,505136694.0
2022-10-09,503581195.0
2022-10-10,839379090.0
2022-10-11,2128013327.0
2022-10-12,582539999.0
2022-10-13,1473804898.0
2022-10-14,1366528945.0
2022-10-15,641005610.0
2022-10-16,673190560.0
2022-10-17,1299082785.0
2022-10-18,1140606418.0
2022-10-19,970326025.0
2022-10-20,928963700.0
2022-10-21,1182283904.0
2022-10-22,570568990.0
2022-10-23,795131763.0
2022-10-24,1197639538.0
2022-10-25,2185468486.0
2022-10-26,2162094225.0
2022-10-27,1767582899.0
2022-10-28,1748986916.0
2022-10-29,1702786205.0
2022-10-30,1307743699.0
2022-10-31,1859186904.0
2022-11-01,1157642277.0
2022-11-02,2249927753.0
2022-11-03,1253836122.0
2022-11-04,2366465710.0
2022-11-05,1092941344.0
2022-11-06,1220782881.0
2022-11-07,1936775257.0
2022-11-08,5638949924.0
2022-11-09,7578831241.0
2022-11-10,8996261407.0
2022-11-11,3726034557.0
2022-11-12,2534936239.0
2022-11-13,1825513179.0
2022-11-14,2479381161.0
2022-11-15,1840867568.0
2022-11-16,1740932329.0
2022-11-17,1416313376.0
2022-11-18,1092074248.0
2022-11-19,1015079885.0
2022-11-20,1718132613.0
2022-11-21,2427770151.0
2022-11-22,2319436689.0
2022-11-23,2169298200.0
2022-11-24,1845434305.0
2022-11-25,1339675630.0
2022-11-26,1201103927.0
2022-11-27,1012815893.0
2022-11-28,1422664964.0
2022-11-29,1278724244.0
2022-11-30,1892279710.0
2022-12-01,1195138170.0
2022-12-02,1067617779.0
2022-12-03,633730278.0
2022-12-04,649614051.0
2022-12-05,1045239577.0
2022-12-06,1085596081.0
2022-12-07,958096532.0
2022-12-08,912492495.0
2022-12-09,878041064.0
2022-12-10,1249987341.0
2022-12-11,584925217.0
2022-12-12,1021554728.0
2022-12-13,2133237301.0
2022-12-14,1511728199.0
2022-12-15,1063447277.0
2022-12-16,1667949089.0
2022-12-17,945442401.0
2022-12-18,539654188.0
2022-12-19,932294602.0
2022-12-20,1091574193.0
2022-12-21,806576544.0
2022-12-22,846722981.0
2022-12-23,843853976.0
2022-12-24,316539076.0
2022-12-25,661124771.0
2022-12-26,667884506.0
2022-12-27,832977323.0
2022-12-28,1099085036.0
2022-12-29,922580025.0
2022-12-30,685461671.0
2022-12-31,659355870.0
2023-01-01,452663051.0
2023-01-02,565191386.0
2023-01-03,679692482.0
2023-01-04,1115023705.0
2023-01-05,890256906.0
2023-01-06,1079278075.0
2023-01-07,559403014.0
2023-01-08,807457317.0
2023-01-09,1609130223.0
2023-01-10,1055055409.0
2023-01-11,1287353304.0
2023-01-12,2127631861.0
2023-01-13,1999046498.0
2023-01-14,2415721746.0
2023-01-15,1494439254.0
2023-01-16,1681030684.0
2023-01-17,1580467189.0
2023-01-18,2566720852.0
2023-01-19,1411809909.0
2023-01-20,1477438271.0
2023-01-21,1915322593.0
2023-01-22,1396150390.0
2023-01-23,1677155650.0
2023-01-24,1835537919.0
2023-01-25,2274449979.0
2023-01-26,1458093710.0
2023-01-27,1772416692.0
2023-01-28,1122709986.0
2023-01-29,1199336503.0
2023-01-30,1601782827.0
2023-01-31,1294338836.0
2023-02-01,1642286865.0
2023-02-02,2209855516.0
2023-02-03,1751998636.0
2023-02-04,1195751845.0
2023-02-05,1386201432.0
2023-02-06,1523088562.0
2023-02-07,2093707321.0
2023-02-08,1896355590.0
2023-02-09,2473581810.0
2023-02-10,2725986087.0
2023-02-11,2020967779.0
2023-02-12,1210695634.0
2023-02-13,1954146865.0
2023-02-14,2099638127.0
2023-02-15,2111745376.0
2023-02-16,2826269570.0
2023-02-17,2104741554.0
2023-02-18,1146064471.0
2023-02-19,1516600939.0
2023-02-20,1479130959.0
2023-02-21,1926272508.0
2023-02-22,1835500380.0
2023-02-23,1605450691.0
2023-02-24,1785706728.0
2023-02-25,1007220968.0
2023-02-26,941463296.0
2023-02-27,1466937576.0
2023-02-28,1446534684.0
2023-03-01,1769411302.0
2023-03-02,1778117590.0
2023-03-03,1794538766.0
2023-03-04,832933187.0
2023-03-05,1047734560.0
2023-03-06,1275176693.0
2023-03-07,1804634832.0
2023-03-08,1454497606.0
2023-03-09,1739809442.0
2023-03-10,4947530336.0
2023-03-11,3713406757.0
2023-03-12,6502186436.0
2023-03-13,6518469843.0
2023-03-14,4073038568.0
2023-03-15,3283434059.0
2023-03-16,902061380.0
2023-03-17,2694406044.0
2023-03-18,2062772491.0
2023-03-19,1639744306.0
2023-03-20,2270406629.0
2023-03-21,1708444573.0
2023-03-22,2145173602.0
2023-03-23,2026062571.0
2023-03-24,1832951879.0
2023-03-25,1066483860.0
2023-03-26,1041839640.0
2023-03-27,1504121872.0
2023-03-28,1260378158.0
2023-03-29,1242574127.0
2023-03-30,1281105264.0
2023-03-31,1326335113.0
2023-04-01,880074222.0
2023-04-02,723990166.0
2023-04-03,1300564177.0
2023-04-04,1213816104.0
2023-04-05,1203898433.0
2023-04-06,1013247235.0
2023-04-07,593327813.0
2023-04-08,641187737.0
2023-04-09,671447744.0
2023-04-10,842543068.0
2023-04-11,1035179778.0
2023-04-12,1288558116.0
2023-04-13,1499260631.0
2023-04-14,1865572864.0
2023-04-15,937785002.0
2023-04-16,991927266.0
2023-04-17,1155077694.0
2023-04-18,1709324965.0
2023-04-19,1555596410.0
2023-04-20,1406221053.0
2023-04-21,1575278422.0
2023-04-22,682742704.0
2023-04-23,639974034.0
2023-04-24,1039419681.0
2023-04-25,1091489472.0
2023-04-26,1650160872.0
2023-04-27,1673501603.0
2023-04-28,833261227.0
2023-04-29,597334330.0
2023-04-30,843185454.0
2023-05-01,1298347314.0
2023-05-02,1226024301.0
2023-05-03,1163825043.0
2023-05-04,1134647592.0
2023-05-05,2135154445.0
2023-05-06,2070525480.0
2023-05-07,1133014017.0
2023-05-08,1950304576.0
2023-05-09,1138688076.0
2023-05-10,1477517535.0
2023-05-11,1623134587.0
2023-05-12,1520107843.0
2023-05-13,720792137.0
2023-05-14,475597139.0
2023-05-15,804848704.0
2023-05-16,665435843.0
2023-05-17,935147690.0
2023-05-18,940065012.0
2023-05-19,769835800.0
2023-05-20,531234481.0
2023-05-21,696837260.0
2023-05-22,799669535.0
2023-05-23,1060048228.0
2023-05-24,1068925618.0
2023-05-25,827168927.0
2023-05-26,708382924.0
2023-05-27,428860409.0
2023-05-28,853500849.0
2023-05-29,767494489.0
2023-05-30,969468098.0
2023-05-31,959651893.0
2023-06-01,827974562.0
2023-06-02,825974240.0
2023-06-03,544905020.0
2023-06-04,470574337.0
2023-06-05,1495788239.0
2023-06-06,1362368939.0
2023-06-07,1266719048.0
2023-06-08,817285208.0
2023-06-09,835461186.0
2023-06-10,2059683354.0
2023-06-11,581793308.0
2023-06-12,1187638168.0
2023-06-13,973556915.0
2023-06-14,1112280556.0
2023-06-15,1260218018.0
2023-06-16,1086878347.0
2023-06-17,747676087.0
2023-06-18,527612638.0
2023-06-19,966782021.0
2023-06-20,1506841825.0
2023-06-21,2242627152.0
2023-06-22,1768107124.0
2023-06-23,1622054921.0
2023-06-24,752619928.0
2023-06-25,1031147529.0
2023-06-26,1383013551.0
2023-06-27,1297292998.0
2023-06-28,1077545589.0
2023-06-29,1101130339.0
2023-06-30,1969808211.0
2023-07-01,880189635.0
2023-07-02,816164912.0
2023-07-03,1320683835.0
2023-07-04,999417111.0
2023-07-05,940226410.0
2023-07-06,1213092965.0
2023-07-07,995640901.0
2023-07-08,622810876.0
2023-07-09,599701417.0
2023-07-10,1244837219.0
2023-07-11,840909211.0
2023-07-12,1000299784.0
2023-07-13,1804867829.0
2023-07-14,1510303328.0
2023-07-15,693177674.0
2023-07-16,598427119.0
2023-07-17,1236417542.0
2023-07-18,958068985.0
2023-07-19,924397525.0
2023-07-20,1039965442.0
2023-07-21,716909675.0
2023-07-22,769931498.0
2023-07-23,546314838.0
2023-07-24,1004583962.0
2023-07-25,628983013.0
2023-07-26,923635327.0
2023-07-27,808575070.0
2023-07-28,685685099.0
2023-07-29,506271435.0
2023-07-30,1329488587.0
2023-07-31,1348703281.0
2023-08-01,1570857315.0
2023-08-02,1145167935.0
2023-08-03,750397972.0
2023-08-04,810278596.0
2023-08-05,1125764290.0
2023-08-06,588971891.0
2023-08-07,1098443588.0
2023-08-08,1203315074.0
2023-08-09,923850004.0
2023-08-10,777797019.0
2023-08-11,665008419.0
2023-08-12,421956325.0
2023-08-13,972815821.0
2023-08-14,784088962.0
2023-08-15,799472554.0
2023-08-16,877193876.0
2023-08-17,2317731506.0
2023-08-18,1490824786.0
2023-08-19,699004848.0
2023-08-20,585674344.0
2023-08-21,836946810.0
2023-08-22,1504609861.0
2023-08-23,1047058130.0
2023-08-24,807396847.0
2023-08-25,897131713.0
2023-08-26,422400415.0
2023-08-27,440568413.0
2023-08-28,845437956.0
2023-08-29,1427567771.0
2023-08-30,789196780.0
2023-08-31,981402900.0
2023-09-01,1020106736.0
2023-09-02,483770678.0
2023-09-03,447335555.0
2023-09-04,573441022.0
2023-09-05,660616069.0
2023-09-06,954140441.0
2023-09-07,704558660.0
2023-09-08,691072562.0
2023-09-09,370087994.0
2023-09-10,631912883.0
2023-09-11,1323288014.0
2023-09-12,1189925558.0
2023-09-13,850992118.0
2023-09-14,755907555.0
2023-09-15,793120245.0
2023-09-16,420227774.0
2023-09-17,382883944.0
2023-09-18,914661069.0
2023-09-19,820852549.0
2023-09-20,757106731.0
2023-09-21,830472298.0
2023-09-22,661622752.0
2023-09-23,536331769.0
2023-09-24,446865466.0
2023-09-25,874002616.0
2023-09-26,627673535.0
2023-09-27,695245502.0
2023-09-28,984568695.0
2023-09-29,786699847.0
2023-09-30,551827024.0
2023-10-01,676878918.0
2023-10-02,1178197712.0
2023-10-03,770897958.0
2023-10-04,802534212.0
2023-10-05,655758618.0
2023-10-06,687192685.0
2023-10-07,357867079.0
2023-10-08,668386028.0
2023-10-09,850998704.0
2023-10-10,656784511.0
2023-10-11,1078342616.0
2023-10-12,859383054.0
2023-10-13,720667002.0
2023-10-14,414753044.0
2023-10-15,562764825.0
2023-10-16,1433331956.0
2023-10-17,837950578.0
2023-10-18,887733166.0
2023-10-19,775816951.0
2023-10-20,1033618618.0
2023-10-21,708909846.0
2023-10-22,753471134.0
2023-10-23,1790462183.0
2023-10-24,2269081758.0
2023-10-25,1366761571.0
2023-10-26,1431153343.0
2023-10-27,1062435676.0
2023-10-28,579493378.0
2023-10-29,652722904.0
2023-10-30,1093864695.0
2023-10-31,1108415751.0
2023-11-01,1365798960.0
2023-11-02,1661163250.0
2023-11-03,1288144181.0
2023-11-04,707859863.0
2023-11-05,1158020265.0
2023-11-06,1180066108.0
2023-11-07,1311030966.0
2023-11-08,927431380.0
2023-11-09,2487293770.0
2023-11-10,1906248679.0
2023-11-11,1352955854.0
2023-11-12,976752001.0
2023-11-13,1705324247.0
2023-11-14,1577817259.0
2023-11-15,1649679521.0
2023-11-16,1689177690.0
2023-11-17,1458307818.0
2023-11-18,976272339.0
2023-11-19,875394575.0
2023-11-20,1215425335.0
2023-11-21,1557011404.0
2023-11-22,1621387221.0
2023-11-23,1031246193.0
2023-11-24,1246871579.0
2023-11-25,692813138.0
2023-11-26,825835973.0
2023-11-27,1131024228.0
2023-11-28,1216283634.0
2023-11-29,1174383323.0
2023-11-30,1281824884.0
2023-12-01,1076973930.0
2023-12-02,994263656.0
2023-12-03,858682772.0
2023-12-04,1563913071.0
2023-12-05,1771124392.0
2023-12-06,1502168704.0
2023-12-07,1454978097.0
2023-12-08,1253982036.0
2023-12-09,1393739540.0
2023-12-10,819207776.0
2023-12-11,1832061072.0
2023-12-12,1316378962.0
2023-12-13,1624830349.0
2023-12-14,1380413980.0
2023-12-15,1344992212.0
2023-12-16,1527155548.0
2023-12-17,1087032339.0
2023-12-18,1491839783.0
2023-12-19,1314305252.0
2023-12-20,1800386277.0
2023-12-21,1356995622.0
2023-12-22,1581920813.0
2023-12-23,1149842350.0
2023-12-24,1183885794.0
2023-12-25,1047240266.0
2023-12-26,1302389776.0
2023-12-27,1679770043.0
2023-12-28,2068357296.0
2023-12-29,1752788327.0
2023-12-30,969344139.0
2023-12-31,945351936.0
2024-01-01,414584692.0
2024-01-02,1551115416.0
2024-01-03,2154190336.0
2024-01-04,1490994380.0
2024-01-05,1629416968.0
2024-01-06,837944448.0
2024-01-07,850135776.0
2024-01-08,1719642182.0
2024-01-09,2214806706.0
2024-01-10,2555087187.0
2024-01-11,2178262782.0
2024-01-12,2503481295.0
2024-01-13,1150878211.0
2024-01-14,1025536282.0
2024-01-15,1099250068.0
2024-01-16,1196900412.0
2024-01-17,1231918557.0
2024-01-18,1333139842.0
2024-01-19,1463505901.0
2024-01-20,770436422.0
2024-01-21,672861184.0
2024-01-22,1734309804.0
2024-01-23,2096885769.0
2024-01-24,1131561283.0
2024-01-25,1277859175.0
2024-01-26,1312176250.0
2024-01-27,744701104.0
2024-01-28,739994713.0
2024-01-29,1292352166.0
2024-01-30,1274363362.0
2024-01-31,1483704276.0
2024-02-01,1163866675.0
2024-02-02,1091402167.0
2024-02-03,813353639.0
2024-02-04,658778748.0
2024-02-05,1029264142.0
2024-02-06,1059962614.0
2024-02-07,1219888550.0
2024-02-08,1337715767.0
2024-02-09,1402805645.0
2024-02-10,908442211.0
2024-02-11,1245654505.0
2024-02-12,1453949465.0
2024-02-13,1418071757.0
2024-02-14,1611326179.0
2024-02-15,1575492627.0
2024-02-16,1385572726.0
2024-02-17,910130887.0
2024-02-18,1027378691.0
2024-02-19,1525518346.0
2024-02-20,1948248220.0
2024-02-21,1774775454.0
2024-02-22,1856713775.0
2024-02-23,1449005816.0
2024-02-24,1145671221.0
2024-02-25,1340052706.0
2024-02-26,2083695034.0
2024-02-27,2571113686.0
2024-02-28,3134826380.0
2024-02-29,2843752188.0
2024-03-01,2021092671.0
2024-03-02,1970606753.0
2024-03-03,1810997891.0
2024-03-04,2599213252.0
2024-03-05,4834728765.0
2024-03-06,4409541629.0
2024-03-07,3214483978.0
2024-03-08,2439679585.0
2024-03-09,1515464574.0
2024-03-10,2068477623.0
2024-03-11,2803101778.0
2024-03-12,3024736665.0
2024-03-13,2631778894.0
2024-03-14,2975400656.0
2024-03-15,3986495687.0
2024-03-16,2408280269.0
2024-03-17,2032625417.0
2024-03-18,2332561611.0
2024-03-19,3106963521.0
2024-03-20,1086458272.0
2024-03-21,938582933.0
2024-03-22,2599208830.0
2024-03-23,1476790974.0
2024-03-24,1688499606.0
2024-03-25,2180592784.0
2024-03-26,2517174360.0
2024-03-27,2594872756.0
2024-03-28,2078384162.0
2024-03-29,2205012678.0
2024-03-30,1464418506.0
2024-03-31,1507466010.0
2024-04-01,1982675277.0
2024-04-02,3981672844.0
2024-04-03,2566800961.0
2024-04-04,2280506230.0
2024-04-05,1887028915.0
2024-04-06,1294332205.0
2024-04-07,1825893860.0
2024-04-08,2969646636.0
2024-04-09,2726813493.0
2024-04-10,2252544641.0
2024-04-11,2389939042.0
2024-04-12,3078809507.0
2024-04-13,3430192861.0
2024-04-14,2395180776.0
2024-04-15,2267811570.0
2024-04-16,2177973222.0
2024-04-17,2111445402.0
2024-04-18,2101068467.0
2024-04-19,2636058432.0
2024-04-20,1204726787.0
2024-04-21,1189640144.0
2024-04-22,1878947557.0
2024-04-23,1707500059.0
2024-04-24,2268149444.0
2024-04-25,1910161001.0
2024-04-26,1849931074.0
2024-04-27,1506467880.0
2024-04-28,1502633639.0
2024-04-29,1923227027.0
2024-04-30,2387054033.0
2024-05-01,2275443903.0
2024-05-02,1566436249.0
2024-05-03,1670602351.0
2024-05-04,1272798496.0
2024-05-05,1051702788.0
2024-05-06,1602656508.0
2024-05-07,1533821169.0
2024-05-08,1518703371.0
2024-05-09,1292042809.0
2024-05-10,1388722301.0
2024-05-11,796945230.0
2024-05-12,660209782.0
2024-05-13,1317269987.0
2024-05-14,1296052529.0
2024-05-15,1897357778.0
2024-05-16,1512500117.0
2024-05-17,1883495325.0
2024-05-18,1255116663.0
2024-05-19,1124082081.0
2024-05-20,3254882687.0
2024-05-21,3494280028.0
2024-05-22,2614025857.0
2024-05-23,4382614668.0
2024-05-24,2396582729.0
2024-05-25,1246141963.0
2024-05-26,1980680522.0
2024-05-27,2137386659.0
2024-05-28,1818836340.0
2024-05-29,2387815512.0
2024-05-30,1755347648.0
2024-05-31,1926037747.0
2024-06-01,1138993693.0
2024-06-02,1114945070.0
2024-06-03,1542284810.0
2024-06-04,1709212652.0
2024-06-05,1718776714.0
2024-06-06,1500965055.0
2024-06-07,1835307338.0
2024-06-08,1476007643.0
2024-06-09,1223094662.0
2024-06-10,1543533009.0
2024-06-11,2256811250.0
2024-06-12,1999761585.0
2024-06-13,1868701635.0
2024-06-14,1848028335.0
2024-06-15,956365492.0
2024-06-16,983069577.0
2024-06-17,1849109106.0
2024-06-18,2098896876.0
2024-06-19,1517646759.0
2024-06-20,1462137233.0
2024-06-21,1560997292.0
2024-06-22,931586209.0
2024-06-23,1072917210.0
2024-06-24,2592076196.0
2024-06-25,1587404774.0
2024-06-26,1575193288.0
2024-06-27,2078853880.0
2024-06-28,1723811925.0
2024-06-29,949000982.0
2024-06-30,991987281.0
2024-07-01,1512510904.0
2024-07-02,1147753285.0
2024-07-03,1888333612.0
2024-07-04,2448593988.0
2024-07-05,3325418003.0
2024-07-06,1312365007.0
2024-07-07,1229218379.0
2024-07-08,2070258574.0
2024-07-09,1562979225.0
2024-07-10,1583235975.0
2024-07-11,1468975006.0
2024-07-12,1437411634.0
2024-07-13,1051461118.0
2024-07-14,1294690706.0
2024-07-15,2312594599.0
2024-07-16,2102096566.0
2024-07-17,1704211139.0
2024-07-18,1795060904.0
2024-07-19,2034109894.0
2024-07-20,1170024942.0
2024-07-21,1469234338.0
2024-07-22,1762284017.0
2024-07-23,2337678390.0
2024-07-24,1115329937.0
2024-07-25,2581909646.0
2024-07-26,1743810050.0
2024-07-27,1565114222.0
2024-07-28,843292978.0
2024-07-29,1660329047.0
2024-07-30,1676379930.0
2024-07-31,1714918642.0
2024-08-01,1690606114.0
2024-08-02,2255913887.0
2024-08-03,2134211630.0
2024-08-04,1549116607.0
2024-08-05,7335318546.0
2024-08-06,2172564498.0
2024-08-07,1978989504.0
2024-08-08,1784452806.0
2024-08-09,1516994069.0
2024-08-10,888895947.0
2024-08-11,1196790103.0
2024-08-12,1561707905.0
2024-08-13,1469485524.0
2024-08-14,921875905.0
2024-08-15,1659884928.0
2024-08-16,1083443291.0
2024-08-17,790915371.0
2024-08-18,622481056.0
2024-08-19,993660466.0
2024-08-20,1450292020.0
2024-08-21,1298205257.0
2024-08-22,1134050697.0
2024-08-23,1056041832.0
2024-08-24,1043983402.0
2024-08-25,824880528.0
2024-08-26,1215387349.0
2024-08-27,1442756631.0
2024-08-28,1726509436.0
2024-08-29,1123184686.0
2024-08-30,1246939974.0
2024-08-31,628986149.0
2024-09-01,1064318157.0
2024-09-02,905845889.0
2024-09-03,1336857473.0
2024-09-04,1669874746.0
2024-09-05,1165542709.0
2024-09-06,2123598153.0
2024-09-07,908818480.0
2024-09-08,816807643.0
2024-09-09,1268854459.0
2024-09-10,1040898496.0
2024-09-11,1465484345.0
2024-09-12,1160432240.0
2024-09-13,1029990601.0
2024-09-14,947771573.0
2024-09-15,779343873.0
2024-09-16,1115465030.0
2024-09-17,1368057306.0
2024-09-18,1334025242.0
2024-09-19,1440451687.0
2024-09-20,1401537101.0
2024-09-21,1153583729.0
2024-09-22,843201217.0
2024-09-23,1378612827.0
2024-09-24,1159959497.0
2024-09-25,1274796005.0
2024-09-26,1643432679.0
2024-09-27,1471881482.0
2024-09-28,918030710.0
2024-09-29,854317581.0
2024-09-30,1255323150.0
2024-10-01,2095702986.0
2024-10-02,1840988898.0
2024-10-03,1768036613.0
2024-10-04,1433964979.0
2024-10-05,881663193.0
2024-10-06,966775053.0
2024-10-07,1377489799.0
2024-10-08,1428510799.0
2024-10-09,1336103835.0
2024-10-10,1469824196.0
2024-10-11,1190113267.0
2024-10-12,1064168044.0
2024-10-13,1014518087.0
2024-10-14,1849642273.0
2024-10-15,1607990248.0
2024-10-16,1344947569.0
2024-10-17,1246709203.0
2024-10-18,1148724707.0
2024-10-19,778723290.0
2024-10-20,1041747528.0
2024-10-21,1362257936.0
2024-10-22,1193115804.0
2024-10-23,1340789358.0
2024-10-24,1436756652.0
2024-10-25,1702476080.0
2024-10-26,1106344102.0
2024-10-27,856127286.0
2024-10-28,1413925279.0
2024-10-29,1769910700.0
2024-10-30,1700941413.0
2024-10-31,1619491631.0
2024-11-01,1544312722.0
2024-11-02,854511040.0
2024-11-03,1258811662.0
2024-11-04,1364377422.0
2024-11-05,1599648731.0
2024-11-06,3068624253.0
2024-11-07,2685269282.0
2024-11-08,2264457083.0
2024-11-09,1770703711.0
2024-11-10,2344427261.0
2024-11-11,3183360827.0
2024-11-12,3699513939.0
2024-11-13,3350978581.0
2024-11-14,1392588725.0
2024-11-15,1081821672.0
2024-11-16,753624581.0
2024-11-17,864757381.0
2024-11-18,2967209873.0
2024-11-19,2871829813.0
2024-11-20,2932823518.0
2024-11-21,3873923604.0
2024-11-22,2924798518.0
2024-11-23,2732345747.0
2024-11-24,2259601140.0
2024-11-25,3723125631.0
2024-11-26,3382314922.0
2024-11-27,3251780132.0
2024-11-28,2312001863.0
2024-11-29,2342817592.0
2024-11-30,2202835565.0
2024-12-01,2125644605.0
2024-12-02,3616131400.0
2024-12-03,3643161450.0
2024-12-04,3712427009.0
2024-12-05,4747252655.0
2024-12-06,4228516624.0
2024-12-07,2215646504.0
2024-12-08,2362545236.0
2024-12-09,4126745533.0
2024-12-10,3699434185.0
2024-12-11,3168838536.0
2024-12-12,3238637485.0
2024-12-13,2419229312.0
2024-12-14,2101577265.0
2024-12-15,2414157695.0
2024-12-16,3394807817.0
2024-12-17,2679362620.0
2024-12-18,3822602807.0
2024-12-19,4442604158.0
2024-12-20,4525320678.0
2024-12-21,2357890852.0
2024-12-22,2002279359.0
2024-12-23,2522214099.0
2024-12-24,2271952650.0
2024-12-25,1938288937.0
2024-12-26,2232944697.0
2024-12-27,2105571294.0
2024-12-28,1527915645.0
2024-12-29,1643846537.0
2024-12-30,3047368471.0
2024-12-31,2413016069.0
2025-01-01,1614716973.0
2025-01-02,2043920541.0
2025-01-03,2389618517.0
2025-01-04,1596877449.0
2025-01-05,1732050314.0
2025-01-06,2572428108.0
2025-01-07,2812598478.0
2025-01-08,2354685821.0
2025-01-09,3377630997.0
2025-01-10,2530375537.0
2025-01-11,1290129140.0
2025-01-12,1279053808.0
2025-01-13,3132966213.0
2025-01-14,2056684643.0
2025-01-15,2403527143.0
2025-01-16,2362993070.0
2025-01-17,2841924804.0
2025-01-18,3762949330.0
2025-01-19,5056090841.0
2025-01-20,6310929134.0
2025-01-21,4088406441.0
2025-01-22,2824539034.0
2025-01-23,4219084684.0
2025-01-24,3093164266.0
2025-01-25,1627348782.0
2025-01-26,2309793923.0
2025-01-27,3896793723.0
2025-01-28,2376522922.0
2025-01-29,2368514444.0
2025-01-30,2436226018.0
2025-01-31,3008889065.0
2025-02-01,2234057736.0
2025-02-02,4406651955.0
2025-02-03,7711048228.0
2025-02-04,3875934082.0
2025-02-05,2838443716.0
2025-02-06,2913527067.0
2025-02-07,2731154764.0
2025-02-08,1558385362.0
2025-02-09,1824986465.0
2025-02-10,2392787404.0
2025-02-11,2253091050.0
2025-02-12,2991156329.0
2025-02-13,2544607476.0
2025-02-14,2036526267.0
2025-02-15,1175722287.0
2025-02-16,1151226977.0
2025-02-17,2430258760.0
2025-02-18,2673499474.0
2025-02-19,2294776207.0
2025-02-20,1851315141.0
2025-02-21,5095196643.0
2025-02-22,2067561657.0
2025-02-23,2304805851.0
2025-02-24,4270101285.0
2025-02-25,4702462501.0
2025-02-26,3088317290.0
2025-02-27,2756633468.0
2025-02-28,4181838294.0
2025-03-01,1651292945.0
2025-03-02,3406983042.0
2025-03-03,3483560403.0
2025-03-04,3977631646.0
2025-03-05,3043761301.0
2025-03-06,2446323653.0
2025-03-07,3135293688.0
2025-03-08,1680173349.0
2025-03-09,1569331851.0
2025-03-10,4440020595.0
2025-03-11,3545699053.0
2025-03-12,2871230851.0
2025-03-13,1987334387.0
2025-03-14,1575169047.0
2025-03-15,1058613619.0
2025-03-16,1082388033.0
2025-03-17,1460602163.0
2025-03-18,1470979128.0
2025-03-19,1928097534.0
2025-03-20,1888610788.0
2025-03-21,1594830826.0
2025-03-22,944942498.0
2025-03-23,1060724915.0
2025-03-24,1673702020.0
2025-03-25,1551459761.0
2025-03-26,1839612244.0
2025-03-27,2132074574.0
2025-03-28,2194102936.0
2025-03-29,1428964465.0
2025-03-30,1185183616.0
2025-03-31,1657594305.0
2025-04-01,1632430383.0
2025-04-02,1912487111.0
2025-04-03,2500984565.0
2025-04-04,2198869463.0
2025-04-05,1195783150.0
2025-04-06,2779938896.0
2025-04-07,3974060429.0
2025-04-08,2360920693.0
2025-04-09,3000739847.0
2025-04-10,2884726391.0
2025-04-11,2121775277.0
2025-04-12,1623928888.0
2025-04-13,1740165675.0
2025-04-14,1902611011.0
2025-04-15,1741401511.0
2025-04-16,1746355766.0
2025-04-17,1528344165.0
2025-04-18,1047612620.0
2025-04-19,922890911.0
2025-04-20,929612297.0
2025-04-21,1515382279.0
2025-04-22,2187411506.0
2025-04-23,2439692364.0
2025-04-24,1646726211.0
2025-04-25,1724521768.0
2025-04-26,1268383898.0
2025-04-27,1128272239.0
2025-04-28,1632141817.0
2025-04-29,1406726160.0
2025-04-30,1594328322.0
2025-05-01,1813237605.0
2025-05-02,1422105218.0
2025-05-03,1080976207.0
2025-05-04,1009877736.0
2025-05-05,1568562876.0
2025-05-06,1628770109.0
2025-05-07,1747687501.0
2025-05-08,2577604889.0
2025-05-09,3370060125.0
2025-05-10,2376840708.0
2025-05-11,1995094696.0
2025-05-12,2511257506.0
2025-05-13,2685287680.0
2025-05-14,2585738738.0
2025-05-15,2177782719.0
2025-05-16,2087767198.0
2025-05-17,1336520776.0
2025-05-18,1682013556.0
2025-05-19,2259119950.0
2025-05-20,2177743608.0
2025-05-21,2564661761.0
2025-05-22,2913269019.0
2025-05-23,3792660984.0
2025-05-24,1539141612.0
2025-05-25,1225973829.0
2025-05-26,1537871924.0
2025-05-27,2290446558.0
2025-05-28,2236661005.0
2025-05-29,3233999705.0
2025-05-30,2778937382.0
2025-05-31,1977549641.0
2025-06-01,1474606144.0
2025-06-02,1583944217.0
2025-06-03,1958799349.0
2025-06-04,1718996109.0
2025-06-05,2501956194.0
2025-06-06,1849187702.0
2025-06-07,951006935.0
2025-06-08,963841805.0
2025-06-09,2162938108.0
2025-06-10,2780624069.0
2025-06-11,2650400019.0
2025-06-12,2901767839.0
2025-06-13,2924738045.0
2025-06-14,1301361491.0
2025-06-15,1211369877.0
2025-06-16,2188152160.0
2025-06-17,2197041389.0
2025-06-18,1754910041.0
2025-06-19,1335096059.0
2025-06-20,1704841639.0
2025-06-21,1436873961.0
2025-06-22,2295442516.0
2025-06-23,2299325580.0
2025-06-24,1787758078.0
2025-06-25,1450517799.0
2025-06-26,2187224483.0
2025-06-27,1271347820.0
2025-06-28,762858476.0
2025-06-29,1139668556.0
2025-06-30,1399925483.0
2025-07-01,1521583028.0
2025-07-02,2115583683.0
2025-07-03,1763277230.0
2025-07-04,1341660541.0
2025-07-05,685859345.0
2025-07-06,881295206.0
2025-07-07,1411066243.0
2025-07-08,1863529244.0
2025-07-09,2704928880.0
2025-07-10,2936886970.0
2025-07-11,3554179127.0
2025-07-12,1919351535.0
2025-07-13,1685338662.0
2025-07-14,2996638063.0
2025-07-15,3170307502.0
2025-07-16,3339847682.0
2025-07-17,3446618074.0
2025-07-18,3937022441.0
2025-07-19,1751919297.0
2025-07-20,3252246398.0
2025-07-21,3524859096.0
2025-07-22,3734325169.0
2025-07-23,3235281257.0
2025-07-24,3324490283.0
2025-07-25,3265375054.0
2025-07-26,2262707028.0
2025-07-27,3424625496.0
2025-07-28,3601755432.0
2025-07-29,3331831719.0
2025-07-30,4367100577.0
2025-07-31,4415964613.0
2025-08-01,4066203738.0
2025-08-02,3087625826.0
2025-08-03,3884799813.0
2025-08-04,3498410280.0
2025-08-05,2761338351.0
2025-08-06,3213814271.0
2025-08-07,3933082608.0
2025-08-08,4028101456.0
2025-08-09,6422038075.0
2025-08-10,4385239084.0
2025-08-11,5021500712.0
2025-08-12,9133923132.0
2025-08-13,6041430574.01
2025-08-14,6337319164.0
2025-08-15,4624930345.0
2025-08-16,2554645573.0
2025-08-17,2557066930.0
2025-08-18,4455225752.0
2025-08-19,4375168482.0
2025-08-20,4091268536.0
2025-08-21,3139677618.0
2025-08-22,5767850944.0
2025-08-23,4266021916.0
2025-08-24,3582933142.0
2025-08-25,4785371932.0
2025-08-26,4071774202.0
2025-08-27,4087465617.0
2025-08-28,2958721347.0
2025-08-29,3582671733.0
2025-08-30,1854094539.0
2025-08-31,2191988741.0
2025-09-01,3709101315.0
2025-09-02,3578295697.0
2025-09-03,3567778193.0
2025-09-04,3348570573.0
2025-09-05,3369165485.0
2025-09-06,2223734916.0
2025-09-07,1568080408.0
2025-09-08,2927559341.0
2025-09-09,3446718747.0
2025-09-10,2938996200.0
2025-09-11,2940936634.0
2025-09-12,3555485808.0
2025-09-13,2980038950.0
2025-09-14,2305974510.0
2025-09-15,4446826427.0
2025-09-16,3179441384.0
2025-09-17,3330559496.0
2025-09-18,3804000117.0
2025-09-19,2968322804.0
2025-09-20,2331948624.0
2025-09-21,2399273017.0
2025-09-22,4339378109.0
2025-09-23,4128789780.0
2025-09-24,3516824811.0
2025-09-25,9202921158.0
2025-09-26,5014197010.0
2025-09-27,3098920254.0
2025-09-28,2413120493.0
2025-09-29,3598106132.0
2025-09-30,3667662314.0
2025-10-01,3381801546.0
2025-10-02,3548089361.0
2025-10-03,3618077996.0
2025-10-04,1767097355.0
2025-10-05,2373829397.0
2025-10-06,3339808990.0
2025-10-07,3702383694.0
2025-10-08,3011092962.0
2025-10-09,3334580628.0
2025-10-10,6097995974.0
2025-10-11,4994884722.0
2025-10-12,3427627344.0
2025-10-13,3267168585.0
2025-10-14,4018705506.0
2025-10-15,4008094042.0
2025-10-16,4212778513.0
2025-10-17,4090843739.0
2025-10-18,1666447012.0
2025-10-19,2460710766.0
2025-10-20,2324786191.0
2025-10-21,3480343809.0
2025-10-22,3155662108.0
2025-10-23,2848006891.0
2025-10-24,3098601274.0
2025-10-25,1562122523.0
2025-10-26,2041158338.0
2025-10-27,3227261492.0
2025-10-28,2557971352.0
2025-10-29,2873919926.73
2025-10-30,3071666059.0
2025-10-31,2587675237.0
2025-11-01,1399881288.0
2025-11-02,1171153168.0
2025-11-03,3417732672.0
2025-11-04,5380912650.0
2025-11-05,3982090223.0
2025-11-06,2920556662.0
2025-11-07,3901508689.0
2025-11-08,1916228322.0
2025-11-09,2290478540.0
2025-11-10,2455362841.0
2025-11-11,2386515958.0
2025-11-12,2660312911.0
2025-11-13,3158854757.0
2025-11-14,3044423121.0
2025-11-15,1701474047.0
2025-11-16,2077012941.0
2025-11-17,3153495252.0
2025-11-18,2649000411.0
2025-11-19,2738549236.0
2025-11-20,2701055456.73
2025-11-21,4443629157.0
2025-11-22,1502069840.0
2025-11-23,1703790544.0
2025-11-24,2054929930.0
2025-11-25,2036031247.0
2025-11-26,1917898248.0
2025-11-27,2902873790.0
2025-11-28,2041950773.0
2025-11-29,1431796634.0
2025-11-30,1041569437.0
2025-12-01,2777830757.0
2025-12-02,2190853658.0
2025-12-03,2150568638.0
2025-12-04,1848567483.0
2025-12-05,2231632686.0
2025-12-06,1061304447.0
2025-12-07,1308133401.0
2025-12-08,1574232239.0
2025-12-09,2225828213.0
2025-12-10,1999686829.0
2025-12-11,1923506434.0
2025-12-12,1734271354.0
2025-12-13,990558618.0
2025-12-14,801376136.0
2025-12-15,2279727434.0
2025-12-16,1565694781.0
2025-12-17,1982315383.0
2025-12-18,2650523360.0
2025-12-19,2077212110.0
2025-12-20,707529260.0
2025-12-21,878182580.0
2025-12-22,1642089952.0
2025-12-23,1694024952.0
2025-12-24,1170175890.0
2025-12-25,853783162.0
2025-12-26,1167048564.0
2025-12-27,837054823.0
2025-12-28,818937160.0
2025-12-29,1510213348.0
2025-12-30,1583152629.0
2025-12-31,1250879694.0
2026-01-01,1035182546.0
2026-01-02,1462769580.04
2026-01-03,1069964926.0
2026-01-04,822543649.0
2026-01-05,1733745126.0
2026-01-06,2084364888.0
2026-01-07,1838877986.0
2026-01-08,1511462152.0
2026-01-09,1232448409.0
2026-01-10,651439149.0
2026-01-11,795541102.0
2026-01-12,1447437408.0
2026-01-13,2066460251.0
2026-01-14,2891121015.0
2026-01-15,2079566793.0
2026-01-16,1765964896.0
2026-01-17,882959912.0
2026-01-18,907786053.0
2026-01-19,1822317320.0
2026-01-20,2965101998.0
2026-01-21,2567811668.0
2026-01-22,1652029738.0
2026-01-23,1495441987.0
2026-01-24,977757172.0
2026-01-25,1567500541.0
2026-01-26,1768556052.0
2026-01-27,1815663358.0
2026-01-28,1744145385.0
2026-01-29,1984324753.0
2026-01-30,2560755247.0
2026-01-31,3734248366.0
2026-02-01,2795939670.0
2026-02-02,3241133611.0
2026-02-03,2557268942.0
2026-02-04,2780801451.0
2026-02-05,4398227047.0
2026-02-06,3874855365.0
2026-02-07,2345196897.0
2026-02-08,1165574749.0
2026-02-09,1838578889.0
2026-02-10,1849229673.0
2026-02-11,2217363530.0
2026-02-12,1954505540.0
2026-02-13,1859625659.0
2026-02-14,1233819745.0
2026-02-15,1642883287.0
2026-02-16,1104982836.0
2026-02-17,1487438038.0
2026-02-18,1884818623.0
2026-02-19,2099493141.0
2026-02-20,1972308051.0
2026-02-21,1081638828.0
2026-02-22,1541258844.43
2026-02-23,1722775731.0
2026-02-24,1807859960.0
2026-02-25,2114273279.0
2026-02-26,1778932602.0
2026-02-27,1501659169.0
2026-02-28,1377232500.0
2026-03-01,1727304011.0
2026-03-02,2210486523.0
2026-03-03,1897675446.0
2026-03-04,2099863498.0
2026-03-05,1723164757.0
2026-03-06,1281656088.0
2026-03-07,1076576916.0
2026-03-08,1027342175.0
2026-03-09,1731298998.19
2026-03-10,1892190994.0
2026-03-11,984678828.0
2026-03-12,1980094979.0
2026-03-13,2076520971.0
2026-03-14,517385320.0
2026-03-15,947246697.0
2026-03-16,1605584951.29
2026-03-17,1351839336.11
2026-03-18,1364970963.0
2026-03-19,1435446967.0
2026-03-20,1363947381.0
2026-03-21,681331010.7
2026-03-22,1593142637.0
2026-03-23,1667529047.0
2026-03-24,909267358.0
2026-03-25,1070832312.0
2026-03-26,1014427719.0
2026-03-27,1241400000.0
2026-03-28,613141603.0
2026-03-29,765716467.94
2026-03-30,1071354568.24
2026-03-31,1105340271.0
2026-04-01,2071080335.0
2026-04-02,1225951006.0
2026-04-03,943038756.0
2026-04-04,550560935.0
2026-04-05,567000753.0
2026-04-06,1425290876.0
2026-04-07,1360651555.0
2026-04-08,1478043722.0
2026-04-09,1371022810.0
2026-04-10,1047054100.0
2026-04-11,691801305.0
2026-04-12,801736932.0
2026-04-13,1549867875.0
2026-04-14,1663714356.0
2026-04-15,1148551098.0
2026-04-16,1268297731.75
2026-04-17,1567574892.0
2026-04-18,1750062626.0
2026-04-19,3626977310.0
2026-04-20,2666169681.0
2026-04-21,3295077992.0
2026-04-22,2573998864.0
2026-04-23,2333927187.0
2026-04-24,1330596508.0
2026-04-25,971138493.0
2026-04-26,896956137.0
2026-04-27,1173264677.0
2026-04-28,1757306556.0
2026-04-29,1583506015.0
2026-04-30,1456307464.0
2026-05-01,1163483150.0
2026-05-02,602951886.0
2026-05-03,684248830.0
2026-05-04,1680352776.0
2026-05-05,1325201090.15
2026-05-06,1364483968.78
2026-05-07,1668381268.7900002
2026-05-08,2004282927.6
2026-05-09,1164601391.17
2026-05-10,983696797.6900002
2026-05-11,1257039011.0200002
2026-05-12,1450790696.18
2026-05-13,1463424789.02
2026-05-14,1778007585.0000002
2026-05-15,1490569636.05
2026-05-16,923823507.12
2026-05-17,676810015.65
2026-05-18,1456082735.3300002
2026-05-19,918246072.94
2026-05-20,1337350043.54
2026-05-21,1089487506.71
2026-05-22,1135851889.57
2026-05-23,937005862.08
2026-05-24,552198530.5400001
2026-05-25,1183182166.6799998
2026-05-26,1079098903.47
2026-05-27,1204499001.83
2026-05-28,1396467659.0
2026-05-29,1130717988.61
2026-05-30,525788242.6499999
2026-05-31,597192732.79
2026-06-01,1269958575.43
2026-06-02,1637148724.3000002
2026-06-03,1814959384.9
2026-06-04,2027361169.76
2026-06-05,2638031075.41
2026-06-06,1468242016.01
2026-06-07,857577137.8999999
2026-06-08,1580720184.93
2026-06-09,1128647750.57
2026-06-10,904078230.03
2026-06-11,866841189.64
2026-06-12,1035270842.73
2026-06-13,432675218.64
2026-06-14,684964850.8900001
2026-06-15,1512193433.02
2026-06-16,1105991409.95
2026-06-17,1253363590.02
2026-06-18,1286453171.6
2026-06-19,728790392.58
2026-06-20,747194949.11
2026-06-21,533140667.58
2026-06-22,882203358.24
2026-06-23,1010020762.85
2026-06-24,1311432459.15
2026-06-25,1171059319.46
2026-06-26,1163063443.6599998
2026-06-27,406689232.68
2026-06-28,471846529.35
2026-06-29,889455355.0799999
2026-06-30,920378167.11
2026-07-01,1149301497.56
2026-07-02,1001479708.02
2026-07-03,843042442.6800001
2026-07-04,664341151.88
2026-07-05,505403677.11
2026-07-06,1155459083.64
2026-07-07,967632110.09
2026-07-08,1589791112.03
2026-07-09,1144089589.99
2026-07-10,1279181012.16
2026-07-11,774579525.0600001
2026-07-12,656933538.16
2026-07-13,1485657242.9799998
2026-07-14,1327310252.5
2026-07-15,1350086236.82
2026-07-16,1108727808.7
2026-07-17,1123347264.24
2026-07-18,565117799.6499999
2026-07-19,476996412.75
2026-07-20,1027467345.99
2026-07-21,1183125182.28
2026-07-22,926439312.76
2026-07-23,912700306.35
2026-07-24,1053503209.68
2026-07-25,422260512.75
2026-07-26,512100424.63
2026-07-27,1072892424.75
2026-07-28,1030413316.17
2026-07-29,1130209368.92
2026-07-30,1024734580.96
2026-07-31,933083929.83
2026-08-01,530949443.6
2026-08-02,550048386.9300001
2026-08-03,767163209.1700002
2026-08-04,831911295.1199999
2026-08-05,1006947902.0
2026-08-06,1081348141.99
2026-08-07,1018154242.48
2026-08-08,500010347.79
2026-08-09,421656989.9
2026-08-10,966353825.36
2026-08-11,843032416.83
2026-08-12,852918697.13
2026-08-13,899214616.6800001
2026-08-14,891050749.15
2026-08-15,339369290.21000004
2026-08-16,367428636.51
2026-08-17,698501426.8899999
2026-08-18,685084057.4899999
2026-08-19,2089712845.73
2026-08-20,1840488924.38
2026-08-21,2531728400.49
2026-08-22,1478745430.04
2026-08-23,1225087962.8899999
2026-08-24,1650421289.3799999
2026-08-25,1771968314.0700002
2026-08-26,1175665810.92
2026-08-27,1917863558.8500001
2026-08-28,1966917485.1699998
2026-08-29,1071570967.54
2026-08-30,940883874.3399999
2026-08-31,1292910451.0500002
2026-09-01,1363024607.5200002
2026-09-02,1306817750.67
2026-09-03,1575640810.69
2026-09-04,1592167841.7800002
2026-09-05,833576730.79
2026-09-06,910375704.07
2026-09-07,1294575175.96
2026-09-08,1357960162.19
2026-09-09,1349114320.1299999
2026-09-10,1411091931.72
2026-09-11,1826172733.86
2026-09-12,577652679.55
2026-09-13,753339751.76
2026-09-14,1308661128.0700002
2026-09-15,1838572891.4299998
2026-09-16,1679547901.84
