date,hyperliquid_eth_open_interest_native_snapshot,hyperliquid_eth_funding_rate_snapshot,hyperliquid_eth_premium_snapshot,hyperliquid_eth_mark_price,hyperliquid_eth_oracle_price,hyperliquid_eth_mid_price,hyperliquid_eth_day_notional_volume_usd
2026-09-16 00:00:00+00:00,960304.2488000002,1.01195e-05,-0.0005406529,2403.2,2404.5,2403.15,2357477089.937141
2026-09-16 08:00:00+00:00,963947.9944,-7.2292e-06,-0.0003678115,2391.4,2392.53,2391.35,2205713164.4440646
2026-09-16 15:00:00+00:00,976797.2778000004,1.25e-05,-0.0001423285,2387.85,2388.84,2388.45,1743750270.078169
2026-09-16 22:00:00+00:00,981303.0365999992,1.25e-05,-0.0004626716,2397.98,2399.11,2397.95,1404429158.4431825
2026-09-17 01:00:00+00:00,982215.0876000008,1.25e-05,0.0,2441.6,2442.4,2442.45,1397318602.2888713
2026-09-17 08:00:00+00:00,968380.6342,1.25e-05,-0.0002537417,2442.3,2443.43,2442.35,1510206529.211241
2026-09-17 15:00:00+00:00,984489.9492,1.25e-05,-0.0001748373,2458.84,2459.43,2458.95,1525265221.6244793
2026-09-17 16:00:00+00:00,991859.9320000004,1.25e-05,-0.0003481415,2469.6,2470.26,2469.35,1541066279.1732404
2026-09-17 22:00:00+00:00,975452.1264,6.4238e-06,-0.0004915615,2440.0,2441.2,2439.95,1018792125.0882796
