source,status,rows,columns,start,end,note
market_ohlcv_yfinance,ok,3250,55,2017-11-09 00:00:00,2026-10-02 00:00:00,
manual_external_csv,ok,3561,20,2017-01-01 00:00:00,2026-10-01 00:00:00,
fred_macro,ok,65,20,2026-07-30 00:00:00,2026-10-02 00:00:00,
sentiment_fear_greed,ok,65,2,2026-07-30 00:00:00,2026-10-02 00:00:00,
defillama_stablecoins,ok,3230,2,2017-11-29 00:00:00,2026-10-02 00:00:00,
defillama_chain_tvl,ok,3293,1,2017-09-27 00:00:00,2026-10-02 00:00:00,
defillama_dex_volume,ok,2892,1,2018-11-02 00:00:00,2026-10-02 00:00:00,
glassnode,skipped,0,0,,,Glassnode API key missing; set GLASSNODE_API_KEY or pass --glassnode-api-key
coingecko_eth,ok,65,3,2026-07-30 00:00:00,2026-10-02 00:00:00,
coingecko_btc,ok,65,3,2026-07-30 00:00:00,2026-10-02 00:00:00,
coingecko_sol,ok,65,3,2026-07-30 00:00:00,2026-10-02 00:00:00,
coingecko_bnb,ok,65,3,2026-07-30 00:00:00,2026-10-02 00:00:00,
coingecko_global_snapshot,ok,20,6,2026-09-13 00:00:00,2026-10-02 00:00:00,
coingecko_defi_snapshot,ok,10,7,2026-09-14 00:00:00,2026-10-02 00:00:00,
coingecko_global_market_chart,skipped,0,0,,,Requires CoinGecko Pro for historical global chart
binance_funding_history,error,0,0,,,HTTP Error 451: 
binance_open_interest_hist,error,0,0,,,HTTP Error 451: 
binance_basis,error,0,0,,,HTTP Error 451: 
binance_taker_buy_sell_volume,error,0,0,,,HTTP Error 451: 
deribit_historical_volatility,ok,17,1,2026-09-16 00:00:00,2026-10-02 00:00:00,
deribit_funding_history,ok,32,4,2026-09-01 00:00:00,2026-10-02 00:00:00,
deribit_future_snapshot,ok,1,6,2026-10-02 00:00:00,2026-10-02 00:00:00,
deribit_option_snapshot,ok,1,7,2026-10-02 00:00:00,2026-10-02 00:00:00,
etherscan,skipped,0,0,,,Etherscan stats need an API key and several useful endpoints are PRO-only
alchemy_eth_snapshot,skipped,0,0,,,Alchemy API key missing; set ALCHEMY_API_KEY or pass --alchemy-api-key
freshness_guardrail,ok,3249,0,2017-11-09 00:00:00,2026-10-01 00:00:00,no_stale_vendor_columns | max_age_days=30
macro_selection_readiness,ok,3249,12,2017-11-09 00:00:00,2026-10-01 00:00:00,"ready_columns=12/14 | ready_ratio=0.86 | market_context_ready=1 | missing=artemis_stablecoin_total_supply,artemis_non_sybil_users"
