column,column_group,learning_status,likely_training_excluded,exclusion_reasons,non_null_rows,unique_values,coverage_ratio,history_span_days,latest_age_days,min_rows_required,min_history_days_required,rows_until_min,days_until_60d,days_until_90d,start,end
binance_eth_basis_annualizedbasisrate,binance_derivatives,empty,True,empty;low_rows<97;short_history<60d;low_variation,0,0,0.0,,,97,60,97,60,90,,
binance_eth_basis_contracttype,binance_derivatives,empty,True,empty;low_rows<97;short_history<60d;low_variation,0,0,0.0,,,97,60,97,60,90,,
binance_eth_basis_pair,binance_derivatives,empty,True,empty;low_rows<97;short_history<60d;low_variation,0,0,0.0,,,97,60,97,60,90,,
binance_eth_oi_symbol,binance_derivatives,empty,True,empty;low_rows<97;short_history<60d;low_variation,0,0,0.0,,,97,60,97,60,90,,
cg_defi_top_coin_name,coingecko,empty,True,empty;low_rows<97;short_history<60d;low_variation,0,0,0.0,,,97,60,97,60,90,,
fred_m2_money_supply,fred_macro,empty,True,empty;low_rows<97;short_history<60d;low_variation,0,0,0.0,,,97,60,97,60,90,,
cg_global_active_cryptocurrencies,coingecko,low_coverage,True,low_rows<97,46,46,0.014123426466073074,174.0,0.0,97,60,51,0,0,2026-04-18 00:00:00,2026-10-09 00:00:00
cg_global_btc_dominance_pct,coingecko,low_coverage,True,low_rows<97,46,46,0.014123426466073074,174.0,0.0,97,60,51,0,0,2026-04-18 00:00:00,2026-10-09 00:00:00
cg_global_eth_dominance_pct,coingecko,low_coverage,True,low_rows<97,46,46,0.014123426466073074,174.0,0.0,97,60,51,0,0,2026-04-18 00:00:00,2026-10-09 00:00:00
cg_global_markets,coingecko,low_coverage,True,low_rows<97,46,13,0.014123426466073074,174.0,0.0,97,60,51,0,0,2026-04-18 00:00:00,2026-10-09 00:00:00
cg_global_total_market_cap_usd,coingecko,low_coverage,True,low_rows<97,46,46,0.014123426466073074,174.0,0.0,97,60,51,0,0,2026-04-18 00:00:00,2026-10-09 00:00:00
cg_global_total_volume_usd,coingecko,low_coverage,True,low_rows<97,46,46,0.014123426466073074,174.0,0.0,97,60,51,0,0,2026-04-18 00:00:00,2026-10-09 00:00:00
deribit_eth_future_current_funding_mean,deribit_derivatives,low_coverage,True,low_rows<97,46,21,0.014123426466073074,174.0,0.0,97,60,51,0,0,2026-04-18 00:00:00,2026-10-09 00:00:00
deribit_eth_future_funding_8h_mean,deribit_derivatives,low_coverage,True,low_rows<97,46,30,0.014123426466073074,174.0,0.0,97,60,51,0,0,2026-04-18 00:00:00,2026-10-09 00:00:00
deribit_eth_future_mark_price_mean,deribit_derivatives,low_coverage,True,low_rows<97,46,46,0.014123426466073074,174.0,0.0,97,60,51,0,0,2026-04-18 00:00:00,2026-10-09 00:00:00
deribit_eth_future_open_interest_sum,deribit_derivatives,low_coverage,True,low_rows<97,46,46,0.014123426466073074,174.0,0.0,97,60,51,0,0,2026-04-18 00:00:00,2026-10-09 00:00:00
deribit_eth_future_volume_sum,deribit_derivatives,low_coverage,True,low_rows<97,46,46,0.014123426466073074,174.0,0.0,97,60,51,0,0,2026-04-18 00:00:00,2026-10-09 00:00:00
deribit_eth_future_volume_usd_sum,deribit_derivatives,low_coverage,True,low_rows<97,46,46,0.014123426466073074,174.0,0.0,97,60,51,0,0,2026-04-18 00:00:00,2026-10-09 00:00:00
deribit_eth_option_mark_iv_mean,deribit_derivatives,low_coverage,True,low_rows<97,46,46,0.014123426466073074,174.0,0.0,97,60,51,0,0,2026-04-18 00:00:00,2026-10-09 00:00:00
deribit_eth_option_mark_price_mean,deribit_derivatives,low_coverage,True,low_rows<97,46,46,0.014123426466073074,174.0,0.0,97,60,51,0,0,2026-04-18 00:00:00,2026-10-09 00:00:00
deribit_eth_option_open_interest_sum,deribit_derivatives,low_coverage,True,low_rows<97,46,46,0.014123426466073074,174.0,0.0,97,60,51,0,0,2026-04-18 00:00:00,2026-10-09 00:00:00
deribit_eth_option_put_call_oi_ratio,deribit_derivatives,low_coverage,True,low_rows<97,46,46,0.014123426466073074,174.0,0.0,97,60,51,0,0,2026-04-18 00:00:00,2026-10-09 00:00:00
deribit_eth_option_underlying_price_mean,deribit_derivatives,low_coverage,True,low_rows<97,46,46,0.014123426466073074,174.0,0.0,97,60,51,0,0,2026-04-18 00:00:00,2026-10-09 00:00:00
deribit_eth_option_volume_sum,deribit_derivatives,low_coverage,True,low_rows<97,46,46,0.014123426466073074,174.0,0.0,97,60,51,0,0,2026-04-18 00:00:00,2026-10-09 00:00:00
deribit_eth_option_volume_usd_sum,deribit_derivatives,low_coverage,True,low_rows<97,46,46,0.014123426466073074,174.0,0.0,97,60,51,0,0,2026-04-18 00:00:00,2026-10-09 00:00:00
fred_unemployment_rate,fred_macro,low_coverage,True,low_rows<97,70,2,0.021492170709241632,69.0,0.0,97,60,27,0,21,2026-08-01 00:00:00,2026-10-09 00:00:00
deribit_eth_historical_volatility,deribit_derivatives,low_coverage,True,low_rows<97,78,78,0.02394841879029782,190.0,0.0,97,60,19,0,0,2026-04-02 00:00:00,2026-10-09 00:00:00
cg_defi_defi_dominance,coingecko,short_history,True,low_rows<97;short_history<60d,13,13,0.003991403131716303,23.0,2.0,97,60,84,37,67,2026-09-14 00:00:00,2026-10-07 00:00:00
cg_defi_defi_market_cap,coingecko,short_history,True,low_rows<97;short_history<60d,13,13,0.003991403131716303,23.0,2.0,97,60,84,37,67,2026-09-14 00:00:00,2026-10-07 00:00:00
cg_defi_defi_to_eth_ratio,coingecko,short_history,True,low_rows<97;short_history<60d,13,13,0.003991403131716303,23.0,2.0,97,60,84,37,67,2026-09-14 00:00:00,2026-10-07 00:00:00
cg_defi_eth_market_cap,coingecko,short_history,True,low_rows<97;short_history<60d,13,13,0.003991403131716303,23.0,2.0,97,60,84,37,67,2026-09-14 00:00:00,2026-10-07 00:00:00
cg_defi_top_coin_defi_dominance,coingecko,short_history,True,low_rows<97;short_history<60d,13,13,0.003991403131716303,23.0,2.0,97,60,84,37,67,2026-09-14 00:00:00,2026-10-07 00:00:00
cg_defi_trading_volume_24h,coingecko,short_history,True,low_rows<97;short_history<60d,13,13,0.003991403131716303,23.0,2.0,97,60,84,37,67,2026-09-14 00:00:00,2026-10-07 00:00:00
binance_eth_basis_basis,binance_derivatives,short_history,True,low_rows<97;short_history<60d,26,26,0.007982806263432606,25.0,7.0,97,60,71,35,65,2026-09-07 00:00:00,2026-10-02 00:00:00
binance_eth_basis_basisrate,binance_derivatives,short_history,True,low_rows<97;short_history<60d,26,6,0.007982806263432606,25.0,7.0,97,60,71,35,65,2026-09-07 00:00:00,2026-10-02 00:00:00
binance_eth_basis_futuresprice,binance_derivatives,short_history,True,low_rows<97;short_history<60d,26,26,0.007982806263432606,25.0,7.0,97,60,71,35,65,2026-09-07 00:00:00,2026-10-02 00:00:00
binance_eth_basis_indexprice,binance_derivatives,short_history,True,low_rows<97;short_history<60d,26,26,0.007982806263432606,25.0,7.0,97,60,71,35,65,2026-09-07 00:00:00,2026-10-02 00:00:00
binance_eth_oi_cmccirculatingsupply,binance_derivatives,short_history,True,low_rows<97;short_history<60d,26,25,0.007982806263432606,25.0,7.0,97,60,71,35,65,2026-09-07 00:00:00,2026-10-02 00:00:00
binance_eth_oi_sumopeninterest,binance_derivatives,short_history,True,low_rows<97;short_history<60d,26,26,0.007982806263432606,25.0,7.0,97,60,71,35,65,2026-09-07 00:00:00,2026-10-02 00:00:00
binance_eth_oi_sumopeninterestvalue,binance_derivatives,short_history,True,low_rows<97;short_history<60d,26,26,0.007982806263432606,25.0,7.0,97,60,71,35,65,2026-09-07 00:00:00,2026-10-02 00:00:00
binance_eth_taker_buy_sell_buysellratio,binance_derivatives,short_history,True,low_rows<97;short_history<60d,26,25,0.007982806263432606,25.0,8.0,97,60,71,35,65,2026-09-06 00:00:00,2026-10-01 00:00:00
binance_eth_taker_buy_sell_buyvol,binance_derivatives,short_history,True,low_rows<97;short_history<60d,26,26,0.007982806263432606,25.0,8.0,97,60,71,35,65,2026-09-06 00:00:00,2026-10-01 00:00:00
binance_eth_taker_buy_sell_sellvol,binance_derivatives,short_history,True,low_rows<97;short_history<60d,26,26,0.007982806263432606,25.0,8.0,97,60,71,35,65,2026-09-06 00:00:00,2026-10-01 00:00:00
binance_eth_funding_rate_mean,binance_derivatives,short_history,True,low_rows<97;short_history<60d,46,43,0.014123426466073074,45.0,7.0,97,60,51,15,45,2026-08-18 00:00:00,2026-10-02 00:00:00
binance_eth_mark_price_last,binance_derivatives,short_history,True,low_rows<97;short_history<60d,46,46,0.014123426466073074,45.0,7.0,97,60,51,15,45,2026-08-18 00:00:00,2026-10-02 00:00:00
fred_cpi,fred_macro,short_history,True,low_rows<97;short_history<60d;low_variation,46,1,0.014123426466073074,45.0,24.0,97,60,51,15,45,2026-08-01 00:00:00,2026-09-15 00:00:00
cg_bnb_market_cap_usd,coingecko,ready_for_training,False,,456,456,0.14000614062020264,539.0,0.0,97,60,0,0,0,2025-04-18 00:00:00,2026-10-09 00:00:00
cg_bnb_price_usd,coingecko,ready_for_training,False,,456,456,0.14000614062020264,539.0,0.0,97,60,0,0,0,2025-04-18 00:00:00,2026-10-09 00:00:00
cg_bnb_total_volume_usd,coingecko,ready_for_training,False,,456,456,0.14000614062020264,539.0,0.0,97,60,0,0,0,2025-04-18 00:00:00,2026-10-09 00:00:00
cg_btc_market_cap_usd,coingecko,ready_for_training,False,,456,456,0.14000614062020264,539.0,0.0,97,60,0,0,0,2025-04-18 00:00:00,2026-10-09 00:00:00
cg_btc_price_usd,coingecko,ready_for_training,False,,456,456,0.14000614062020264,539.0,0.0,97,60,0,0,0,2025-04-18 00:00:00,2026-10-09 00:00:00
cg_btc_total_volume_usd,coingecko,ready_for_training,False,,456,456,0.14000614062020264,539.0,0.0,97,60,0,0,0,2025-04-18 00:00:00,2026-10-09 00:00:00
cg_eth_market_cap_usd,coingecko,ready_for_training,False,,456,456,0.14000614062020264,539.0,0.0,97,60,0,0,0,2025-04-18 00:00:00,2026-10-09 00:00:00
cg_eth_price_usd,coingecko,ready_for_training,False,,456,456,0.14000614062020264,539.0,0.0,97,60,0,0,0,2025-04-18 00:00:00,2026-10-09 00:00:00
cg_eth_total_volume_usd,coingecko,ready_for_training,False,,456,456,0.14000614062020264,539.0,0.0,97,60,0,0,0,2025-04-18 00:00:00,2026-10-09 00:00:00
cg_sol_market_cap_usd,coingecko,ready_for_training,False,,456,456,0.14000614062020264,539.0,0.0,97,60,0,0,0,2025-04-18 00:00:00,2026-10-09 00:00:00
cg_sol_price_usd,coingecko,ready_for_training,False,,456,456,0.14000614062020264,539.0,0.0,97,60,0,0,0,2025-04-18 00:00:00,2026-10-09 00:00:00
cg_sol_total_volume_usd,coingecko,ready_for_training,False,,456,456,0.14000614062020264,539.0,0.0,97,60,0,0,0,2025-04-18 00:00:00,2026-10-09 00:00:00
defillama_ethereum_chain_tvl_usd,defillama_onchain,ready_for_training,False,,3257,3112,1.0,3256.0,0.0,97,60,0,0,0,2017-11-09 00:00:00,2026-10-09 00:00:00
defillama_ethereum_dex_volume_usd,defillama_onchain,ready_for_training,False,,2899,2898,0.8900828983727357,2898.0,0.0,97,60,0,0,0,2018-11-02 00:00:00,2026-10-09 00:00:00
defillama_ethereum_stablecoin_pegged_usd,defillama_onchain,ready_for_training,False,,3237,2949,0.9938593797973595,3236.0,0.0,97,60,0,0,0,2017-11-29 00:00:00,2026-10-09 00:00:00
defillama_ethereum_stablecoin_total_usd,defillama_onchain,ready_for_training,False,,3237,2949,0.9938593797973595,3236.0,0.0,97,60,0,0,0,2017-11-29 00:00:00,2026-10-09 00:00:00
deribit_eth_funding_index_price,deribit_derivatives,ready_for_training,False,,108,108,0.03315934909425852,205.0,0.0,97,60,0,0,0,2026-03-18 00:00:00,2026-10-09 00:00:00
deribit_eth_funding_interest_1h,deribit_derivatives,ready_for_training,False,,108,108,0.03315934909425852,205.0,0.0,97,60,0,0,0,2026-03-18 00:00:00,2026-10-09 00:00:00
deribit_eth_funding_interest_8h,deribit_derivatives,ready_for_training,False,,108,108,0.03315934909425852,205.0,0.0,97,60,0,0,0,2026-03-18 00:00:00,2026-10-09 00:00:00
deribit_eth_funding_prev_index_price,deribit_derivatives,ready_for_training,False,,108,108,0.03315934909425852,205.0,0.0,97,60,0,0,0,2026-03-18 00:00:00,2026-10-09 00:00:00
external_bybit_eth_free_features_bybit_eth_funding_rate_last,manual_external,ready_for_training,False,,2173,1316,0.6671783850168868,2172.0,6.0,97,60,0,0,0,2020-10-22 00:00:00,2026-10-03 00:00:00
external_bybit_eth_free_features_bybit_eth_funding_rate_mean,manual_external,ready_for_training,False,,2173,1614,0.6671783850168868,2172.0,6.0,97,60,0,0,0,2020-10-22 00:00:00,2026-10-03 00:00:00
external_bybit_eth_free_features_bybit_eth_funding_rate_mean_7d,manual_external,ready_for_training,False,,2170,1900,0.6662572919864906,2169.0,6.0,97,60,0,0,0,2020-10-25 00:00:00,2026-10-03 00:00:00
external_bybit_eth_free_features_bybit_eth_funding_settlements,manual_external,ready_for_training,False,,2173,2,0.6671783850168868,2172.0,6.0,97,60,0,0,0,2020-10-22 00:00:00,2026-10-03 00:00:00
external_bybit_eth_free_features_bybit_eth_funding_z30,manual_external,ready_for_training,False,,2159,2052,0.6628799508750384,2158.0,6.0,97,60,0,0,0,2020-11-05 00:00:00,2026-10-03 00:00:00
external_bybit_eth_free_features_bybit_eth_leverage_pressure,manual_external,ready_for_training,False,,2171,2171,0.6665643229966226,2170.0,6.0,97,60,0,0,0,2020-10-24 00:00:00,2026-10-03 00:00:00
external_bybit_eth_free_features_bybit_eth_oi_log_change_1d,manual_external,ready_for_training,False,,2171,2171,0.6665643229966226,2170.0,6.0,97,60,0,0,0,2020-10-24 00:00:00,2026-10-03 00:00:00
external_bybit_eth_free_features_bybit_eth_oi_log_change_7d,manual_external,ready_for_training,False,,2165,2165,0.6647221369358305,2164.0,6.0,97,60,0,0,0,2020-10-30 00:00:00,2026-10-03 00:00:00
external_bybit_eth_free_features_bybit_eth_open_interest_eth_last,manual_external,ready_for_training,False,,2172,2172,0.6668713540067547,2171.0,6.0,97,60,0,0,0,2020-10-23 00:00:00,2026-10-03 00:00:00
external_bybit_eth_free_features_bybit_eth_premium_index_close,manual_external,ready_for_training,False,,2028,1919,0.6226588885477433,2027.0,6.0,97,60,0,0,0,2021-03-16 00:00:00,2026-10-03 00:00:00
external_bybit_eth_free_features_bybit_eth_premium_index_high,manual_external,ready_for_training,False,,2028,1911,0.6226588885477433,2027.0,6.0,97,60,0,0,0,2021-03-16 00:00:00,2026-10-03 00:00:00
external_bybit_eth_free_features_bybit_eth_premium_index_low,manual_external,ready_for_training,False,,2028,1919,0.6226588885477433,2027.0,6.0,97,60,0,0,0,2021-03-16 00:00:00,2026-10-03 00:00:00
external_bybit_eth_free_features_bybit_eth_premium_index_mean_7d,manual_external,ready_for_training,False,,2025,2016,0.6217377955173472,2024.0,6.0,97,60,0,0,0,2021-03-19 00:00:00,2026-10-03 00:00:00
external_bybit_eth_free_features_bybit_eth_premium_index_ohlc_mean,manual_external,ready_for_training,False,,2028,2004,0.6226588885477433,2027.0,6.0,97,60,0,0,0,2021-03-16 00:00:00,2026-10-03 00:00:00
external_bybit_eth_free_features_bybit_eth_premium_index_open,manual_external,ready_for_training,False,,2028,1919,0.6226588885477433,2027.0,6.0,97,60,0,0,0,2021-03-16 00:00:00,2026-10-03 00:00:00
external_bybit_eth_free_features_bybit_eth_premium_z30,manual_external,ready_for_training,False,,2014,2014,0.618360454405895,2013.0,6.0,97,60,0,0,0,2021-03-30 00:00:00,2026-10-03 00:00:00
external_bybit_eth_free_features_bybit_eth_single_open_interest_eth_last,manual_external,ready_for_training,False,,2172,2171,0.6668713540067547,2171.0,6.0,97,60,0,0,0,2020-10-23 00:00:00,2026-10-03 00:00:00
external_fred_initial_asof_daily_alfred_cpi_initial,manual_external,ready_for_training,False,,3257,107,1.0,3256.0,0.0,97,60,0,0,0,2017-11-09 00:00:00,2026-10-09 00:00:00
external_fred_initial_asof_daily_alfred_cpi_initial__age_days,manual_external,ready_for_training,False,,3257,55,1.0,3256.0,0.0,97,60,0,0,0,2017-11-09 00:00:00,2026-10-09 00:00:00
external_fred_initial_asof_daily_alfred_fed_balance_sheet_initial,manual_external,ready_for_training,False,,3257,466,1.0,3256.0,0.0,97,60,0,0,0,2017-11-09 00:00:00,2026-10-09 00:00:00
external_fred_initial_asof_daily_alfred_fed_balance_sheet_initial__age_days,manual_external,ready_for_training,False,,3257,14,1.0,3256.0,0.0,97,60,0,0,0,2017-11-09 00:00:00,2026-10-09 00:00:00
external_fred_initial_asof_daily_alfred_fed_funds_initial,manual_external,ready_for_training,False,,204,4,0.06263432606693276,203.0,0.0,97,60,0,0,0,2026-03-20 00:00:00,2026-10-09 00:00:00
external_fred_initial_asof_daily_alfred_fed_funds_initial__age_days,manual_external,ready_for_training,False,,204,4,0.06263432606693276,203.0,0.0,97,60,0,0,0,2026-03-20 00:00:00,2026-10-09 00:00:00
external_fred_initial_asof_daily_alfred_hy_oas_initial,manual_external,ready_for_training,False,,1116,159,0.34264660730733804,1115.0,0.0,97,60,0,0,0,2023-09-20 00:00:00,2026-10-09 00:00:00
external_fred_initial_asof_daily_alfred_hy_oas_initial__age_days,manual_external,ready_for_training,False,,1116,4,0.34264660730733804,1115.0,0.0,97,60,0,0,0,2023-09-20 00:00:00,2026-10-09 00:00:00
external_fred_initial_asof_daily_alfred_m2_initial,manual_external,ready_for_training,False,,3257,108,1.0,3256.0,0.0,97,60,0,0,0,2017-11-09 00:00:00,2026-10-09 00:00:00
external_fred_initial_asof_daily_alfred_m2_initial__age_days,manual_external,ready_for_training,False,,3257,40,1.0,3256.0,0.0,97,60,0,0,0,2017-11-09 00:00:00,2026-10-09 00:00:00
external_fred_initial_asof_daily_alfred_rrp_initial,manual_external,ready_for_training,False,,204,135,0.06263432606693276,203.0,0.0,97,60,0,0,0,2026-03-20 00:00:00,2026-10-09 00:00:00
external_fred_initial_asof_daily_alfred_rrp_initial__age_days,manual_external,ready_for_training,False,,204,4,0.06263432606693276,203.0,0.0,97,60,0,0,0,2026-03-20 00:00:00,2026-10-09 00:00:00
external_fred_initial_asof_daily_alfred_sofr_initial,manual_external,ready_for_training,False,,2748,236,0.8437212158428001,2747.0,0.0,97,60,0,0,0,2019-04-02 00:00:00,2026-10-09 00:00:00
external_fred_initial_asof_daily_alfred_sofr_initial__age_days,manual_external,ready_for_training,False,,2748,4,0.8437212158428001,2747.0,0.0,97,60,0,0,0,2019-04-02 00:00:00,2026-10-09 00:00:00
external_fred_initial_asof_daily_alfred_tga_initial,manual_external,ready_for_training,False,,3257,464,1.0,3256.0,0.0,97,60,0,0,0,2017-11-09 00:00:00,2026-10-09 00:00:00
external_fred_initial_asof_daily_alfred_tga_initial__age_days,manual_external,ready_for_training,False,,3257,14,1.0,3256.0,0.0,97,60,0,0,0,2017-11-09 00:00:00,2026-10-09 00:00:00
external_fred_initial_asof_daily_alfred_unemployment_initial,manual_external,ready_for_training,False,,3257,29,1.0,3256.0,0.0,97,60,0,0,0,2017-11-09 00:00:00,2026-10-09 00:00:00
external_fred_initial_asof_daily_alfred_unemployment_initial__age_days,manual_external,ready_for_training,False,,3257,76,1.0,3256.0,0.0,97,60,0,0,0,2017-11-09 00:00:00,2026-10-09 00:00:00
external_fred_initial_asof_daily_alfred_yield_curve_10y_2y_initial,manual_external,ready_for_training,False,,204,34,0.06263432606693276,203.0,0.0,97,60,0,0,0,2026-03-20 00:00:00,2026-10-09 00:00:00
external_fred_initial_asof_daily_alfred_yield_curve_10y_2y_initial__age_days,manual_external,ready_for_training,False,,204,4,0.06263432606693276,203.0,0.0,97,60,0,0,0,2026-03-20 00:00:00,2026-10-09 00:00:00
fred_bbb_oas,fred_macro,ready_for_training,False,,1186,86,0.3641387780165797,1270.0,0.0,97,60,0,0,0,2023-04-18 00:00:00,2026-10-09 00:00:00
fred_breakeven_10y,fred_macro,ready_for_training,False,,3010,202,0.9241633404973902,3094.0,0.0,97,60,0,0,0,2018-04-20 00:00:00,2026-10-09 00:00:00
fred_effr,fred_macro,ready_for_training,False,,3010,73,0.9241633404973902,3094.0,0.0,97,60,0,0,0,2018-04-20 00:00:00,2026-10-09 00:00:00
fred_fed_balance_sheet,fred_macro,ready_for_training,False,,3003,430,0.922014123426466,3089.0,0.0,97,60,0,0,0,2018-04-25 00:00:00,2026-10-09 00:00:00
fred_fed_funds,fred_macro,ready_for_training,False,,3011,73,0.9244703715075223,3094.0,0.0,97,60,0,0,0,2018-04-20 00:00:00,2026-10-09 00:00:00
fred_hy_oas,fred_macro,ready_for_training,False,,1186,195,0.3641387780165797,1270.0,0.0,97,60,0,0,0,2023-04-18 00:00:00,2026-10-09 00:00:00
fred_inflation_forward_5y5y,fred_macro,ready_for_training,False,,3010,133,0.9241633404973902,3094.0,0.0,97,60,0,0,0,2018-04-20 00:00:00,2026-10-09 00:00:00
fred_iorb,fred_macro,ready_for_training,False,,1815,14,0.5572612833896223,1898.0,0.0,97,60,0,0,0,2021-07-29 00:00:00,2026-10-09 00:00:00
fred_rrp,fred_macro,ready_for_training,False,,3010,1829,0.9241633404973902,3094.0,0.0,97,60,0,0,0,2018-04-20 00:00:00,2026-10-09 00:00:00
fred_sofr,fred_macro,ready_for_training,False,,3010,260,0.9241633404973902,3094.0,0.0,97,60,0,0,0,2018-04-20 00:00:00,2026-10-09 00:00:00
fred_stl_fsi,fred_macro,ready_for_training,False,,3006,417,0.9229352164568622,3094.0,0.0,97,60,0,0,0,2018-04-20 00:00:00,2026-10-09 00:00:00
fred_tga,fred_macro,ready_for_training,False,,3003,430,0.922014123426466,3089.0,0.0,97,60,0,0,0,2018-04-25 00:00:00,2026-10-09 00:00:00
fred_treasury_10y,fred_macro,ready_for_training,False,,3010,418,0.9241633404973902,3094.0,0.0,97,60,0,0,0,2018-04-20 00:00:00,2026-10-09 00:00:00
fred_treasury_2y,fred_macro,ready_for_training,False,,3010,424,0.9241633404973902,3094.0,0.0,97,60,0,0,0,2018-04-20 00:00:00,2026-10-09 00:00:00
fred_treasury_30y,fred_macro,ready_for_training,False,,3010,405,0.9241633404973902,3094.0,0.0,97,60,0,0,0,2018-04-20 00:00:00,2026-10-09 00:00:00
fred_treasury_3m,fred_macro,ready_for_training,False,,3010,398,0.9241633404973902,3094.0,0.0,97,60,0,0,0,2018-04-20 00:00:00,2026-10-09 00:00:00
fred_usd_eur,fred_macro,ready_for_training,False,,3010,1206,0.9241633404973902,3094.0,0.0,97,60,0,0,0,2018-04-20 00:00:00,2026-10-09 00:00:00
fred_yield_curve_10y_2y,fred_macro,ready_for_training,False,,3010,256,0.9241633404973902,3094.0,0.0,97,60,0,0,0,2018-04-20 00:00:00,2026-10-09 00:00:00
sentiment_fear_greed,sentiment,ready_for_training,False,,3010,90,0.9241633404973902,3094.0,0.0,97,60,0,0,0,2018-04-20 00:00:00,2026-10-09 00:00:00
sentiment_fear_greed_regime,sentiment,ready_for_training,False,,3010,5,0.9241633404973902,3094.0,0.0,97,60,0,0,0,2018-04-20 00:00:00,2026-10-09 00:00:00
