column,column_group,non_null_rows,coverage_ratio,start,end
binance_eth_basis_annualizedbasisrate,binance_derivatives,0,0.0,,
binance_eth_basis_basis,binance_derivatives,26,0.007985257985257985,2026-09-07 00:00:00,2026-10-02 00:00:00
binance_eth_basis_basisrate,binance_derivatives,26,0.007985257985257985,2026-09-07 00:00:00,2026-10-02 00:00:00
binance_eth_basis_contracttype,binance_derivatives,0,0.0,,
binance_eth_basis_futuresprice,binance_derivatives,26,0.007985257985257985,2026-09-07 00:00:00,2026-10-02 00:00:00
binance_eth_basis_indexprice,binance_derivatives,26,0.007985257985257985,2026-09-07 00:00:00,2026-10-02 00:00:00
binance_eth_basis_pair,binance_derivatives,0,0.0,,
binance_eth_funding_rate_mean,binance_derivatives,46,0.014127764127764128,2026-08-18 00:00:00,2026-10-02 00:00:00
binance_eth_mark_price_last,binance_derivatives,46,0.014127764127764128,2026-08-18 00:00:00,2026-10-02 00:00:00
binance_eth_oi_cmccirculatingsupply,binance_derivatives,26,0.007985257985257985,2026-09-07 00:00:00,2026-10-02 00:00:00
binance_eth_oi_sumopeninterest,binance_derivatives,26,0.007985257985257985,2026-09-07 00:00:00,2026-10-02 00:00:00
binance_eth_oi_sumopeninterestvalue,binance_derivatives,26,0.007985257985257985,2026-09-07 00:00:00,2026-10-02 00:00:00
binance_eth_oi_symbol,binance_derivatives,0,0.0,,
binance_eth_taker_buy_sell_buysellratio,binance_derivatives,26,0.007985257985257985,2026-09-06 00:00:00,2026-10-01 00:00:00
binance_eth_taker_buy_sell_buyvol,binance_derivatives,26,0.007985257985257985,2026-09-06 00:00:00,2026-10-01 00:00:00
binance_eth_taker_buy_sell_sellvol,binance_derivatives,26,0.007985257985257985,2026-09-06 00:00:00,2026-10-01 00:00:00
cg_bnb_market_cap_usd,coingecko,455,0.13974201474201475,2025-04-18 00:00:00,2026-10-08 00:00:00
cg_bnb_price_usd,coingecko,455,0.13974201474201475,2025-04-18 00:00:00,2026-10-08 00:00:00
cg_bnb_total_volume_usd,coingecko,455,0.13974201474201475,2025-04-18 00:00:00,2026-10-08 00:00:00
cg_btc_market_cap_usd,coingecko,455,0.13974201474201475,2025-04-18 00:00:00,2026-10-08 00:00:00
cg_btc_price_usd,coingecko,455,0.13974201474201475,2025-04-18 00:00:00,2026-10-08 00:00:00
cg_btc_total_volume_usd,coingecko,455,0.13974201474201475,2025-04-18 00:00:00,2026-10-08 00:00:00
cg_defi_defi_dominance,coingecko,13,0.003992628992628993,2026-09-14 00:00:00,2026-10-07 00:00:00
cg_defi_defi_market_cap,coingecko,13,0.003992628992628993,2026-09-14 00:00:00,2026-10-07 00:00:00
cg_defi_defi_to_eth_ratio,coingecko,13,0.003992628992628993,2026-09-14 00:00:00,2026-10-07 00:00:00
cg_defi_eth_market_cap,coingecko,13,0.003992628992628993,2026-09-14 00:00:00,2026-10-07 00:00:00
cg_defi_top_coin_defi_dominance,coingecko,13,0.003992628992628993,2026-09-14 00:00:00,2026-10-07 00:00:00
cg_defi_top_coin_name,coingecko,0,0.0,,
cg_defi_trading_volume_24h,coingecko,13,0.003992628992628993,2026-09-14 00:00:00,2026-10-07 00:00:00
cg_eth_market_cap_usd,coingecko,455,0.13974201474201475,2025-04-18 00:00:00,2026-10-08 00:00:00
cg_eth_price_usd,coingecko,455,0.13974201474201475,2025-04-18 00:00:00,2026-10-08 00:00:00
cg_eth_total_volume_usd,coingecko,455,0.13974201474201475,2025-04-18 00:00:00,2026-10-08 00:00:00
cg_global_active_cryptocurrencies,coingecko,45,0.01382063882063882,2026-04-18 00:00:00,2026-10-08 00:00:00
cg_global_btc_dominance_pct,coingecko,45,0.01382063882063882,2026-04-18 00:00:00,2026-10-08 00:00:00
cg_global_eth_dominance_pct,coingecko,45,0.01382063882063882,2026-04-18 00:00:00,2026-10-08 00:00:00
cg_global_markets,coingecko,45,0.01382063882063882,2026-04-18 00:00:00,2026-10-08 00:00:00
cg_global_total_market_cap_usd,coingecko,45,0.01382063882063882,2026-04-18 00:00:00,2026-10-08 00:00:00
cg_global_total_volume_usd,coingecko,45,0.01382063882063882,2026-04-18 00:00:00,2026-10-08 00:00:00
cg_sol_market_cap_usd,coingecko,455,0.13974201474201475,2025-04-18 00:00:00,2026-10-08 00:00:00
cg_sol_price_usd,coingecko,455,0.13974201474201475,2025-04-18 00:00:00,2026-10-08 00:00:00
cg_sol_total_volume_usd,coingecko,455,0.13974201474201475,2025-04-18 00:00:00,2026-10-08 00:00:00
defillama_ethereum_chain_tvl_usd,defillama_onchain,3256,1.0,2017-11-09 00:00:00,2026-10-08 00:00:00
defillama_ethereum_dex_volume_usd,defillama_onchain,2898,0.89004914004914,2018-11-02 00:00:00,2026-10-08 00:00:00
defillama_ethereum_stablecoin_pegged_usd,defillama_onchain,3236,0.9938574938574939,2017-11-29 00:00:00,2026-10-08 00:00:00
defillama_ethereum_stablecoin_total_usd,defillama_onchain,3236,0.9938574938574939,2017-11-29 00:00:00,2026-10-08 00:00:00
deribit_eth_funding_index_price,deribit_derivatives,107,0.032862407862407864,2026-03-18 00:00:00,2026-10-08 00:00:00
deribit_eth_funding_interest_1h,deribit_derivatives,107,0.032862407862407864,2026-03-18 00:00:00,2026-10-08 00:00:00
deribit_eth_funding_interest_8h,deribit_derivatives,107,0.032862407862407864,2026-03-18 00:00:00,2026-10-08 00:00:00
deribit_eth_funding_prev_index_price,deribit_derivatives,107,0.032862407862407864,2026-03-18 00:00:00,2026-10-08 00:00:00
deribit_eth_future_current_funding_mean,deribit_derivatives,45,0.01382063882063882,2026-04-18 00:00:00,2026-10-08 00:00:00
deribit_eth_future_funding_8h_mean,deribit_derivatives,45,0.01382063882063882,2026-04-18 00:00:00,2026-10-08 00:00:00
deribit_eth_future_mark_price_mean,deribit_derivatives,45,0.01382063882063882,2026-04-18 00:00:00,2026-10-08 00:00:00
deribit_eth_future_open_interest_sum,deribit_derivatives,45,0.01382063882063882,2026-04-18 00:00:00,2026-10-08 00:00:00
deribit_eth_future_volume_sum,deribit_derivatives,45,0.01382063882063882,2026-04-18 00:00:00,2026-10-08 00:00:00
deribit_eth_future_volume_usd_sum,deribit_derivatives,45,0.01382063882063882,2026-04-18 00:00:00,2026-10-08 00:00:00
deribit_eth_historical_volatility,deribit_derivatives,77,0.02364864864864865,2026-04-02 00:00:00,2026-10-08 00:00:00
deribit_eth_option_mark_iv_mean,deribit_derivatives,45,0.01382063882063882,2026-04-18 00:00:00,2026-10-08 00:00:00
deribit_eth_option_mark_price_mean,deribit_derivatives,45,0.01382063882063882,2026-04-18 00:00:00,2026-10-08 00:00:00
deribit_eth_option_open_interest_sum,deribit_derivatives,45,0.01382063882063882,2026-04-18 00:00:00,2026-10-08 00:00:00
deribit_eth_option_put_call_oi_ratio,deribit_derivatives,45,0.01382063882063882,2026-04-18 00:00:00,2026-10-08 00:00:00
deribit_eth_option_underlying_price_mean,deribit_derivatives,45,0.01382063882063882,2026-04-18 00:00:00,2026-10-08 00:00:00
deribit_eth_option_volume_sum,deribit_derivatives,45,0.01382063882063882,2026-04-18 00:00:00,2026-10-08 00:00:00
deribit_eth_option_volume_usd_sum,deribit_derivatives,45,0.01382063882063882,2026-04-18 00:00:00,2026-10-08 00:00:00
fred_bbb_oas,fred_macro,1185,0.36394348894348894,2023-04-18 00:00:00,2026-10-08 00:00:00
fred_breakeven_10y,fred_macro,3009,0.9241400491400491,2018-04-20 00:00:00,2026-10-08 00:00:00
fred_cpi,fred_macro,46,0.014127764127764128,2026-08-01 00:00:00,2026-09-15 00:00:00
fred_effr,fred_macro,3009,0.9241400491400491,2018-04-20 00:00:00,2026-10-08 00:00:00
fred_fed_balance_sheet,fred_macro,3002,0.921990171990172,2018-04-25 00:00:00,2026-10-08 00:00:00
fred_fed_funds,fred_macro,3010,0.9244471744471745,2018-04-20 00:00:00,2026-10-08 00:00:00
fred_hy_oas,fred_macro,1185,0.36394348894348894,2023-04-18 00:00:00,2026-10-08 00:00:00
fred_inflation_forward_5y5y,fred_macro,3009,0.9241400491400491,2018-04-20 00:00:00,2026-10-08 00:00:00
fred_iorb,fred_macro,1814,0.5571253071253072,2021-07-29 00:00:00,2026-10-08 00:00:00
fred_m2_money_supply,fred_macro,0,0.0,,
fred_rrp,fred_macro,3009,0.9241400491400491,2018-04-20 00:00:00,2026-10-08 00:00:00
fred_sofr,fred_macro,3009,0.9241400491400491,2018-04-20 00:00:00,2026-10-08 00:00:00
fred_stl_fsi,fred_macro,3005,0.922911547911548,2018-04-20 00:00:00,2026-10-08 00:00:00
fred_tga,fred_macro,3002,0.921990171990172,2018-04-25 00:00:00,2026-10-08 00:00:00
fred_treasury_10y,fred_macro,3009,0.9241400491400491,2018-04-20 00:00:00,2026-10-08 00:00:00
fred_treasury_2y,fred_macro,3009,0.9241400491400491,2018-04-20 00:00:00,2026-10-08 00:00:00
fred_treasury_30y,fred_macro,3009,0.9241400491400491,2018-04-20 00:00:00,2026-10-08 00:00:00
fred_treasury_3m,fred_macro,3009,0.9241400491400491,2018-04-20 00:00:00,2026-10-08 00:00:00
fred_unemployment_rate,fred_macro,69,0.02119164619164619,2026-08-01 00:00:00,2026-10-08 00:00:00
fred_usd_eur,fred_macro,3009,0.9241400491400491,2018-04-20 00:00:00,2026-10-08 00:00:00
fred_yield_curve_10y_2y,fred_macro,3009,0.9241400491400491,2018-04-20 00:00:00,2026-10-08 00:00:00
external_bybit_eth_free_features_bybit_eth_funding_rate_last,manual_external,2173,0.6673832923832924,2020-10-22 00:00:00,2026-10-03 00:00:00
external_bybit_eth_free_features_bybit_eth_funding_rate_mean,manual_external,2173,0.6673832923832924,2020-10-22 00:00:00,2026-10-03 00:00:00
external_bybit_eth_free_features_bybit_eth_funding_rate_mean_7d,manual_external,2170,0.6664619164619164,2020-10-25 00:00:00,2026-10-03 00:00:00
external_bybit_eth_free_features_bybit_eth_funding_settlements,manual_external,2173,0.6673832923832924,2020-10-22 00:00:00,2026-10-03 00:00:00
external_bybit_eth_free_features_bybit_eth_funding_z30,manual_external,2159,0.663083538083538,2020-11-05 00:00:00,2026-10-03 00:00:00
external_bybit_eth_free_features_bybit_eth_leverage_pressure,manual_external,2171,0.6667690417690417,2020-10-24 00:00:00,2026-10-03 00:00:00
external_bybit_eth_free_features_bybit_eth_oi_log_change_1d,manual_external,2171,0.6667690417690417,2020-10-24 00:00:00,2026-10-03 00:00:00
external_bybit_eth_free_features_bybit_eth_oi_log_change_7d,manual_external,2165,0.6649262899262899,2020-10-30 00:00:00,2026-10-03 00:00:00
external_bybit_eth_free_features_bybit_eth_open_interest_eth_last,manual_external,2172,0.6670761670761671,2020-10-23 00:00:00,2026-10-03 00:00:00
external_bybit_eth_free_features_bybit_eth_premium_index_close,manual_external,2028,0.6228501228501229,2021-03-16 00:00:00,2026-10-03 00:00:00
external_bybit_eth_free_features_bybit_eth_premium_index_high,manual_external,2028,0.6228501228501229,2021-03-16 00:00:00,2026-10-03 00:00:00
external_bybit_eth_free_features_bybit_eth_premium_index_low,manual_external,2028,0.6228501228501229,2021-03-16 00:00:00,2026-10-03 00:00:00
external_bybit_eth_free_features_bybit_eth_premium_index_mean_7d,manual_external,2025,0.6219287469287469,2021-03-19 00:00:00,2026-10-03 00:00:00
external_bybit_eth_free_features_bybit_eth_premium_index_ohlc_mean,manual_external,2028,0.6228501228501229,2021-03-16 00:00:00,2026-10-03 00:00:00
external_bybit_eth_free_features_bybit_eth_premium_index_open,manual_external,2028,0.6228501228501229,2021-03-16 00:00:00,2026-10-03 00:00:00
external_bybit_eth_free_features_bybit_eth_premium_z30,manual_external,2014,0.6185503685503686,2021-03-30 00:00:00,2026-10-03 00:00:00
external_bybit_eth_free_features_bybit_eth_single_open_interest_eth_last,manual_external,2172,0.6670761670761671,2020-10-23 00:00:00,2026-10-03 00:00:00
external_fred_initial_asof_daily_alfred_cpi_initial,manual_external,3256,1.0,2017-11-09 00:00:00,2026-10-08 00:00:00
external_fred_initial_asof_daily_alfred_cpi_initial__age_days,manual_external,3256,1.0,2017-11-09 00:00:00,2026-10-08 00:00:00
external_fred_initial_asof_daily_alfred_fed_balance_sheet_initial,manual_external,3256,1.0,2017-11-09 00:00:00,2026-10-08 00:00:00
external_fred_initial_asof_daily_alfred_fed_balance_sheet_initial__age_days,manual_external,3256,1.0,2017-11-09 00:00:00,2026-10-08 00:00:00
external_fred_initial_asof_daily_alfred_fed_funds_initial,manual_external,203,0.06234643734643735,2026-03-20 00:00:00,2026-10-08 00:00:00
external_fred_initial_asof_daily_alfred_fed_funds_initial__age_days,manual_external,203,0.06234643734643735,2026-03-20 00:00:00,2026-10-08 00:00:00
external_fred_initial_asof_daily_alfred_hy_oas_initial,manual_external,1115,0.34244471744471744,2023-09-20 00:00:00,2026-10-08 00:00:00
external_fred_initial_asof_daily_alfred_hy_oas_initial__age_days,manual_external,1115,0.34244471744471744,2023-09-20 00:00:00,2026-10-08 00:00:00
external_fred_initial_asof_daily_alfred_m2_initial,manual_external,3256,1.0,2017-11-09 00:00:00,2026-10-08 00:00:00
external_fred_initial_asof_daily_alfred_m2_initial__age_days,manual_external,3256,1.0,2017-11-09 00:00:00,2026-10-08 00:00:00
external_fred_initial_asof_daily_alfred_rrp_initial,manual_external,203,0.06234643734643735,2026-03-20 00:00:00,2026-10-08 00:00:00
external_fred_initial_asof_daily_alfred_rrp_initial__age_days,manual_external,203,0.06234643734643735,2026-03-20 00:00:00,2026-10-08 00:00:00
external_fred_initial_asof_daily_alfred_sofr_initial,manual_external,2747,0.8436732186732187,2019-04-02 00:00:00,2026-10-08 00:00:00
external_fred_initial_asof_daily_alfred_sofr_initial__age_days,manual_external,2747,0.8436732186732187,2019-04-02 00:00:00,2026-10-08 00:00:00
external_fred_initial_asof_daily_alfred_tga_initial,manual_external,3256,1.0,2017-11-09 00:00:00,2026-10-08 00:00:00
external_fred_initial_asof_daily_alfred_tga_initial__age_days,manual_external,3256,1.0,2017-11-09 00:00:00,2026-10-08 00:00:00
external_fred_initial_asof_daily_alfred_unemployment_initial,manual_external,3256,1.0,2017-11-09 00:00:00,2026-10-08 00:00:00
external_fred_initial_asof_daily_alfred_unemployment_initial__age_days,manual_external,3256,1.0,2017-11-09 00:00:00,2026-10-08 00:00:00
external_fred_initial_asof_daily_alfred_yield_curve_10y_2y_initial,manual_external,203,0.06234643734643735,2026-03-20 00:00:00,2026-10-08 00:00:00
external_fred_initial_asof_daily_alfred_yield_curve_10y_2y_initial__age_days,manual_external,203,0.06234643734643735,2026-03-20 00:00:00,2026-10-08 00:00:00
bnb_close,market_ohlcv,3256,1.0,2017-11-09 00:00:00,2026-10-08 00:00:00
bnb_high,market_ohlcv,3256,1.0,2017-11-09 00:00:00,2026-10-08 00:00:00
bnb_low,market_ohlcv,3256,1.0,2017-11-09 00:00:00,2026-10-08 00:00:00
bnb_open,market_ohlcv,3256,1.0,2017-11-09 00:00:00,2026-10-08 00:00:00
bnb_volume,market_ohlcv,3256,1.0,2017-11-09 00:00:00,2026-10-08 00:00:00
btc_close,market_ohlcv,3256,1.0,2017-11-09 00:00:00,2026-10-08 00:00:00
btc_high,market_ohlcv,3256,1.0,2017-11-09 00:00:00,2026-10-08 00:00:00
btc_low,market_ohlcv,3256,1.0,2017-11-09 00:00:00,2026-10-08 00:00:00
btc_open,market_ohlcv,3256,1.0,2017-11-09 00:00:00,2026-10-08 00:00:00
btc_volume,market_ohlcv,3256,1.0,2017-11-09 00:00:00,2026-10-08 00:00:00
dxy_close,market_ohlcv,3256,1.0,2017-11-09 00:00:00,2026-10-08 00:00:00
dxy_high,market_ohlcv,3256,1.0,2017-11-09 00:00:00,2026-10-08 00:00:00
dxy_low,market_ohlcv,3256,1.0,2017-11-09 00:00:00,2026-10-08 00:00:00
dxy_open,market_ohlcv,3256,1.0,2017-11-09 00:00:00,2026-10-08 00:00:00
dxy_volume,market_ohlcv,3256,1.0,2017-11-09 00:00:00,2026-10-08 00:00:00
eth_close,market_ohlcv,3256,1.0,2017-11-09 00:00:00,2026-10-08 00:00:00
eth_high,market_ohlcv,3256,1.0,2017-11-09 00:00:00,2026-10-08 00:00:00
eth_low,market_ohlcv,3256,1.0,2017-11-09 00:00:00,2026-10-08 00:00:00
eth_open,market_ohlcv,3256,1.0,2017-11-09 00:00:00,2026-10-08 00:00:00
eth_volume,market_ohlcv,3256,1.0,2017-11-09 00:00:00,2026-10-08 00:00:00
gold_close,market_ohlcv,3256,1.0,2017-11-09 00:00:00,2026-10-08 00:00:00
gold_high,market_ohlcv,3256,1.0,2017-11-09 00:00:00,2026-10-08 00:00:00
gold_low,market_ohlcv,3256,1.0,2017-11-09 00:00:00,2026-10-08 00:00:00
gold_open,market_ohlcv,3256,1.0,2017-11-09 00:00:00,2026-10-08 00:00:00
gold_volume,market_ohlcv,3256,1.0,2017-11-09 00:00:00,2026-10-08 00:00:00
oil_close,market_ohlcv,3256,1.0,2017-11-09 00:00:00,2026-10-08 00:00:00
oil_high,market_ohlcv,3256,1.0,2017-11-09 00:00:00,2026-10-08 00:00:00
oil_low,market_ohlcv,3256,1.0,2017-11-09 00:00:00,2026-10-08 00:00:00
oil_open,market_ohlcv,3256,1.0,2017-11-09 00:00:00,2026-10-08 00:00:00
oil_volume,market_ohlcv,3256,1.0,2017-11-09 00:00:00,2026-10-08 00:00:00
qqq_close,market_ohlcv,3256,1.0,2017-11-09 00:00:00,2026-10-08 00:00:00
qqq_high,market_ohlcv,3256,1.0,2017-11-09 00:00:00,2026-10-08 00:00:00
qqq_low,market_ohlcv,3256,1.0,2017-11-09 00:00:00,2026-10-08 00:00:00
qqq_open,market_ohlcv,3256,1.0,2017-11-09 00:00:00,2026-10-08 00:00:00
qqq_volume,market_ohlcv,3256,1.0,2017-11-09 00:00:00,2026-10-08 00:00:00
sol_close,market_ohlcv,2373,0.7288083538083538,2020-04-10 00:00:00,2026-10-08 00:00:00
sol_high,market_ohlcv,2373,0.7288083538083538,2020-04-10 00:00:00,2026-10-08 00:00:00
sol_low,market_ohlcv,2373,0.7288083538083538,2020-04-10 00:00:00,2026-10-08 00:00:00
sol_open,market_ohlcv,2373,0.7288083538083538,2020-04-10 00:00:00,2026-10-08 00:00:00
sol_volume,market_ohlcv,2373,0.7288083538083538,2020-04-10 00:00:00,2026-10-08 00:00:00
spy_close,market_ohlcv,3256,1.0,2017-11-09 00:00:00,2026-10-08 00:00:00
spy_high,market_ohlcv,3256,1.0,2017-11-09 00:00:00,2026-10-08 00:00:00
spy_low,market_ohlcv,3256,1.0,2017-11-09 00:00:00,2026-10-08 00:00:00
spy_open,market_ohlcv,3256,1.0,2017-11-09 00:00:00,2026-10-08 00:00:00
spy_volume,market_ohlcv,3256,1.0,2017-11-09 00:00:00,2026-10-08 00:00:00
tnx_close,market_ohlcv,3256,1.0,2017-11-09 00:00:00,2026-10-08 00:00:00
tnx_high,market_ohlcv,3256,1.0,2017-11-09 00:00:00,2026-10-08 00:00:00
tnx_low,market_ohlcv,3256,1.0,2017-11-09 00:00:00,2026-10-08 00:00:00
tnx_open,market_ohlcv,3256,1.0,2017-11-09 00:00:00,2026-10-08 00:00:00
tnx_volume,market_ohlcv,3256,1.0,2017-11-09 00:00:00,2026-10-08 00:00:00
vix_close,market_ohlcv,3256,1.0,2017-11-09 00:00:00,2026-10-08 00:00:00
vix_high,market_ohlcv,3256,1.0,2017-11-09 00:00:00,2026-10-08 00:00:00
vix_low,market_ohlcv,3256,1.0,2017-11-09 00:00:00,2026-10-08 00:00:00
vix_open,market_ohlcv,3256,1.0,2017-11-09 00:00:00,2026-10-08 00:00:00
vix_volume,market_ohlcv,3256,1.0,2017-11-09 00:00:00,2026-10-08 00:00:00
sentiment_fear_greed,sentiment,3009,0.9241400491400491,2018-04-20 00:00:00,2026-10-08 00:00:00
sentiment_fear_greed_regime,sentiment,3009,0.9241400491400491,2018-04-20 00:00:00,2026-10-08 00:00:00
