column,column_group,non_null_rows,coverage_ratio,start,end,history_span_days,latest_age_days,short_history_excluded,stale_guardrail_applied,stale_guardrail_max_age_days,freshness_status
defillama_ethereum_chain_tvl_usd,defillama,3251,1.0,2017-11-09 00:00:00,2026-10-03 00:00:00,3250.0,0.0,False,False,30,ok
external_fred_initial_asof_daily_alfred_cpi_initial,external,3251,1.0,2017-11-09 00:00:00,2026-10-03 00:00:00,3250.0,0.0,False,False,30,ok
external_fred_initial_asof_daily_alfred_cpi_initial__age_days,external,3251,1.0,2017-11-09 00:00:00,2026-10-03 00:00:00,3250.0,0.0,False,False,30,ok
external_fred_initial_asof_daily_alfred_fed_balance_sheet_initial,external,3251,1.0,2017-11-09 00:00:00,2026-10-03 00:00:00,3250.0,0.0,False,False,30,ok
external_fred_initial_asof_daily_alfred_fed_balance_sheet_initial__age_days,external,3251,1.0,2017-11-09 00:00:00,2026-10-03 00:00:00,3250.0,0.0,False,False,30,ok
external_fred_initial_asof_daily_alfred_m2_initial,external,3251,1.0,2017-11-09 00:00:00,2026-10-03 00:00:00,3250.0,0.0,False,False,30,ok
external_fred_initial_asof_daily_alfred_m2_initial__age_days,external,3251,1.0,2017-11-09 00:00:00,2026-10-03 00:00:00,3250.0,0.0,False,False,30,ok
external_fred_initial_asof_daily_alfred_tga_initial,external,3251,1.0,2017-11-09 00:00:00,2026-10-03 00:00:00,3250.0,0.0,False,False,30,ok
external_fred_initial_asof_daily_alfred_tga_initial__age_days,external,3251,1.0,2017-11-09 00:00:00,2026-10-03 00:00:00,3250.0,0.0,False,False,30,ok
external_fred_initial_asof_daily_alfred_unemployment_initial,external,3251,1.0,2017-11-09 00:00:00,2026-10-03 00:00:00,3250.0,0.0,False,False,30,ok
external_fred_initial_asof_daily_alfred_unemployment_initial__age_days,external,3251,1.0,2017-11-09 00:00:00,2026-10-03 00:00:00,3250.0,0.0,False,False,30,ok
defillama_ethereum_stablecoin_pegged_usd,defillama,3231,0.9938480467548446,2017-11-29 00:00:00,2026-10-03 00:00:00,3230.0,0.0,False,False,30,ok
defillama_ethereum_stablecoin_total_usd,defillama,3231,0.9938480467548446,2017-11-29 00:00:00,2026-10-03 00:00:00,3230.0,0.0,False,False,30,ok
fred_fed_funds,fred,3005,0.9243309750845894,2018-04-20 00:00:00,2026-10-03 00:00:00,3088.0,0.0,False,False,30,ok
fred_breakeven_10y,fred,3004,0.9240233774223315,2018-04-20 00:00:00,2026-10-03 00:00:00,3088.0,0.0,False,False,30,ok
fred_effr,fred,3004,0.9240233774223315,2018-04-20 00:00:00,2026-10-03 00:00:00,3088.0,0.0,False,False,30,ok
fred_inflation_forward_5y5y,fred,3004,0.9240233774223315,2018-04-20 00:00:00,2026-10-03 00:00:00,3088.0,0.0,False,False,30,ok
fred_rrp,fred,3004,0.9240233774223315,2018-04-20 00:00:00,2026-10-03 00:00:00,3088.0,0.0,False,False,30,ok
fred_sofr,fred,3004,0.9240233774223315,2018-04-20 00:00:00,2026-10-03 00:00:00,3088.0,0.0,False,False,30,ok
fred_treasury_10y,fred,3004,0.9240233774223315,2018-04-20 00:00:00,2026-10-03 00:00:00,3088.0,0.0,False,False,30,ok
fred_treasury_2y,fred,3004,0.9240233774223315,2018-04-20 00:00:00,2026-10-03 00:00:00,3088.0,0.0,False,False,30,ok
fred_treasury_30y,fred,3004,0.9240233774223315,2018-04-20 00:00:00,2026-10-03 00:00:00,3088.0,0.0,False,False,30,ok
fred_treasury_3m,fred,3004,0.9240233774223315,2018-04-20 00:00:00,2026-10-03 00:00:00,3088.0,0.0,False,False,30,ok
fred_usd_eur,fred,3004,0.9240233774223315,2018-04-20 00:00:00,2026-10-03 00:00:00,3088.0,0.0,False,False,30,ok
fred_yield_curve_10y_2y,fred,3004,0.9240233774223315,2018-04-20 00:00:00,2026-10-03 00:00:00,3088.0,0.0,False,False,30,ok
sentiment_fear_greed,sentiment,3004,0.9240233774223315,2018-04-20 00:00:00,2026-10-03 00:00:00,3088.0,0.0,False,False,30,ok
sentiment_fear_greed_regime,sentiment,3004,0.9240233774223315,2018-04-20 00:00:00,2026-10-03 00:00:00,3088.0,0.0,False,False,30,ok
fred_stl_fsi,fred,3000,0.9227929867733006,2018-04-20 00:00:00,2026-10-03 00:00:00,3088.0,0.0,False,False,30,ok
fred_fed_balance_sheet,fred,2997,0.9218701937865272,2018-04-25 00:00:00,2026-10-03 00:00:00,3083.0,0.0,False,False,30,ok
fred_tga,fred,2997,0.9218701937865272,2018-04-25 00:00:00,2026-10-03 00:00:00,3083.0,0.0,False,False,30,ok
defillama_ethereum_dex_volume_usd,defillama,2893,0.8898800369117195,2018-11-02 00:00:00,2026-10-03 00:00:00,2892.0,0.0,False,False,30,ok
external_fred_initial_asof_daily_alfred_sofr_initial,external,2742,0.8434327899107967,2019-04-02 00:00:00,2026-10-03 00:00:00,2741.0,0.0,False,False,30,ok
external_fred_initial_asof_daily_alfred_sofr_initial__age_days,external,2742,0.8434327899107967,2019-04-02 00:00:00,2026-10-03 00:00:00,2741.0,0.0,False,False,30,ok
external_bybit_eth_free_features_bybit_eth_funding_rate_last,external,2173,0.6684097200861273,2020-10-22 00:00:00,2026-10-03 00:00:00,2172.0,0.0,False,False,30,ok
external_bybit_eth_free_features_bybit_eth_funding_rate_mean,external,2173,0.6684097200861273,2020-10-22 00:00:00,2026-10-03 00:00:00,2172.0,0.0,False,False,30,ok
external_bybit_eth_free_features_bybit_eth_funding_settlements,external,2173,0.6684097200861273,2020-10-22 00:00:00,2026-10-03 00:00:00,2172.0,0.0,False,False,30,ok
external_bybit_eth_free_features_bybit_eth_open_interest_eth_last,external,2172,0.6681021224238696,2020-10-23 00:00:00,2026-10-03 00:00:00,2171.0,0.0,False,False,30,ok
external_bybit_eth_free_features_bybit_eth_single_open_interest_eth_last,external,2172,0.6681021224238696,2020-10-23 00:00:00,2026-10-03 00:00:00,2171.0,0.0,False,False,30,ok
external_bybit_eth_free_features_bybit_eth_leverage_pressure,external,2171,0.6677945247616118,2020-10-24 00:00:00,2026-10-03 00:00:00,2170.0,0.0,False,False,30,ok
external_bybit_eth_free_features_bybit_eth_oi_log_change_1d,external,2171,0.6677945247616118,2020-10-24 00:00:00,2026-10-03 00:00:00,2170.0,0.0,False,False,30,ok
external_bybit_eth_free_features_bybit_eth_funding_rate_mean_7d,external,2170,0.6674869270993541,2020-10-25 00:00:00,2026-10-03 00:00:00,2169.0,0.0,False,False,30,ok
external_bybit_eth_free_features_bybit_eth_oi_log_change_7d,external,2165,0.6659489387880652,2020-10-30 00:00:00,2026-10-03 00:00:00,2164.0,0.0,False,False,30,ok
external_bybit_eth_free_features_bybit_eth_funding_z30,external,2159,0.6641033528145186,2020-11-05 00:00:00,2026-10-03 00:00:00,2158.0,0.0,False,False,30,ok
external_bybit_eth_free_features_bybit_eth_premium_index_close,external,2028,0.6238080590587511,2021-03-16 00:00:00,2026-10-03 00:00:00,2027.0,0.0,False,False,30,ok
external_bybit_eth_free_features_bybit_eth_premium_index_high,external,2028,0.6238080590587511,2021-03-16 00:00:00,2026-10-03 00:00:00,2027.0,0.0,False,False,30,ok
external_bybit_eth_free_features_bybit_eth_premium_index_low,external,2028,0.6238080590587511,2021-03-16 00:00:00,2026-10-03 00:00:00,2027.0,0.0,False,False,30,ok
external_bybit_eth_free_features_bybit_eth_premium_index_ohlc_mean,external,2028,0.6238080590587511,2021-03-16 00:00:00,2026-10-03 00:00:00,2027.0,0.0,False,False,30,ok
external_bybit_eth_free_features_bybit_eth_premium_index_open,external,2028,0.6238080590587511,2021-03-16 00:00:00,2026-10-03 00:00:00,2027.0,0.0,False,False,30,ok
external_bybit_eth_free_features_bybit_eth_premium_index_mean_7d,external,2025,0.6228852660719778,2021-03-19 00:00:00,2026-10-03 00:00:00,2024.0,0.0,False,False,30,ok
external_bybit_eth_free_features_bybit_eth_premium_z30,external,2014,0.6195016917871424,2021-03-30 00:00:00,2026-10-03 00:00:00,2013.0,0.0,False,False,30,ok
fred_iorb,fred,1809,0.5564441710243002,2021-07-29 00:00:00,2026-10-03 00:00:00,1892.0,0.0,False,False,30,ok
fred_bbb_oas,fred,1180,0.36296524146416487,2023-04-18 00:00:00,2026-10-03 00:00:00,1264.0,0.0,False,False,30,ok
fred_hy_oas,fred,1180,0.36296524146416487,2023-04-18 00:00:00,2026-10-03 00:00:00,1264.0,0.0,False,False,30,ok
external_fred_initial_asof_daily_alfred_hy_oas_initial,external,1110,0.3414334051061212,2023-09-20 00:00:00,2026-10-03 00:00:00,1109.0,0.0,False,False,30,ok
external_fred_initial_asof_daily_alfred_hy_oas_initial__age_days,external,1110,0.3414334051061212,2023-09-20 00:00:00,2026-10-03 00:00:00,1109.0,0.0,False,False,30,ok
cg_bnb_market_cap_usd,cg,450,0.13841894801599508,2025-04-18 00:00:00,2026-10-03 00:00:00,533.0,0.0,False,False,30,ok
cg_bnb_price_usd,cg,450,0.13841894801599508,2025-04-18 00:00:00,2026-10-03 00:00:00,533.0,0.0,False,False,30,ok
cg_bnb_total_volume_usd,cg,450,0.13841894801599508,2025-04-18 00:00:00,2026-10-03 00:00:00,533.0,0.0,False,False,30,ok
cg_btc_market_cap_usd,cg,450,0.13841894801599508,2025-04-18 00:00:00,2026-10-03 00:00:00,533.0,0.0,False,False,30,ok
cg_btc_price_usd,cg,450,0.13841894801599508,2025-04-18 00:00:00,2026-10-03 00:00:00,533.0,0.0,False,False,30,ok
cg_btc_total_volume_usd,cg,450,0.13841894801599508,2025-04-18 00:00:00,2026-10-03 00:00:00,533.0,0.0,False,False,30,ok
cg_eth_market_cap_usd,cg,450,0.13841894801599508,2025-04-18 00:00:00,2026-10-03 00:00:00,533.0,0.0,False,False,30,ok
cg_eth_price_usd,cg,450,0.13841894801599508,2025-04-18 00:00:00,2026-10-03 00:00:00,533.0,0.0,False,False,30,ok
cg_eth_total_volume_usd,cg,450,0.13841894801599508,2025-04-18 00:00:00,2026-10-03 00:00:00,533.0,0.0,False,False,30,ok
cg_sol_market_cap_usd,cg,450,0.13841894801599508,2025-04-18 00:00:00,2026-10-03 00:00:00,533.0,0.0,False,False,30,ok
cg_sol_price_usd,cg,450,0.13841894801599508,2025-04-18 00:00:00,2026-10-03 00:00:00,533.0,0.0,False,False,30,ok
cg_sol_total_volume_usd,cg,450,0.13841894801599508,2025-04-18 00:00:00,2026-10-03 00:00:00,533.0,0.0,False,False,30,ok
external_fred_initial_asof_daily_alfred_fed_funds_initial,external,198,0.060904337127037834,2026-03-20 00:00:00,2026-10-03 00:00:00,197.0,0.0,False,False,30,ok
external_fred_initial_asof_daily_alfred_fed_funds_initial__age_days,external,198,0.060904337127037834,2026-03-20 00:00:00,2026-10-03 00:00:00,197.0,0.0,False,False,30,ok
external_fred_initial_asof_daily_alfred_rrp_initial,external,198,0.060904337127037834,2026-03-20 00:00:00,2026-10-03 00:00:00,197.0,0.0,False,False,30,ok
external_fred_initial_asof_daily_alfred_rrp_initial__age_days,external,198,0.060904337127037834,2026-03-20 00:00:00,2026-10-03 00:00:00,197.0,0.0,False,False,30,ok
external_fred_initial_asof_daily_alfred_yield_curve_10y_2y_initial,external,198,0.060904337127037834,2026-03-20 00:00:00,2026-10-03 00:00:00,197.0,0.0,False,False,30,ok
external_fred_initial_asof_daily_alfred_yield_curve_10y_2y_initial__age_days,external,198,0.060904337127037834,2026-03-20 00:00:00,2026-10-03 00:00:00,197.0,0.0,False,False,30,ok
deribit_eth_funding_index_price,deribit,102,0.031374961550292214,2026-03-18 00:00:00,2026-10-03 00:00:00,199.0,0.0,False,False,30,ok
deribit_eth_funding_interest_1h,deribit,102,0.031374961550292214,2026-03-18 00:00:00,2026-10-03 00:00:00,199.0,0.0,False,False,30,ok
deribit_eth_funding_interest_8h,deribit,102,0.031374961550292214,2026-03-18 00:00:00,2026-10-03 00:00:00,199.0,0.0,False,False,30,ok
deribit_eth_funding_prev_index_price,deribit,102,0.031374961550292214,2026-03-18 00:00:00,2026-10-03 00:00:00,199.0,0.0,False,False,30,ok
deribit_eth_historical_volatility,deribit,72,0.02214703168255921,2026-04-02 00:00:00,2026-10-03 00:00:00,184.0,0.0,False,False,30,ok
fred_unemployment_rate,fred,64,0.01968625038449708,2026-08-01 00:00:00,2026-10-03 00:00:00,63.0,0.0,False,False,30,ok
cg_global_active_cryptocurrencies,cg,40,0.012303906490310674,2026-04-18 00:00:00,2026-10-03 00:00:00,168.0,0.0,False,False,30,ok
cg_global_btc_dominance_pct,cg,40,0.012303906490310674,2026-04-18 00:00:00,2026-10-03 00:00:00,168.0,0.0,False,False,30,ok
cg_global_eth_dominance_pct,cg,40,0.012303906490310674,2026-04-18 00:00:00,2026-10-03 00:00:00,168.0,0.0,False,False,30,ok
cg_global_markets,cg,40,0.012303906490310674,2026-04-18 00:00:00,2026-10-03 00:00:00,168.0,0.0,False,False,30,ok
cg_global_total_market_cap_usd,cg,40,0.012303906490310674,2026-04-18 00:00:00,2026-10-03 00:00:00,168.0,0.0,False,False,30,ok
cg_global_total_volume_usd,cg,40,0.012303906490310674,2026-04-18 00:00:00,2026-10-03 00:00:00,168.0,0.0,False,False,30,ok
deribit_eth_future_current_funding_mean,deribit,40,0.012303906490310674,2026-04-18 00:00:00,2026-10-03 00:00:00,168.0,0.0,False,False,30,ok
deribit_eth_future_funding_8h_mean,deribit,40,0.012303906490310674,2026-04-18 00:00:00,2026-10-03 00:00:00,168.0,0.0,False,False,30,ok
deribit_eth_future_mark_price_mean,deribit,40,0.012303906490310674,2026-04-18 00:00:00,2026-10-03 00:00:00,168.0,0.0,False,False,30,ok
deribit_eth_future_open_interest_sum,deribit,40,0.012303906490310674,2026-04-18 00:00:00,2026-10-03 00:00:00,168.0,0.0,False,False,30,ok
deribit_eth_future_volume_sum,deribit,40,0.012303906490310674,2026-04-18 00:00:00,2026-10-03 00:00:00,168.0,0.0,False,False,30,ok
deribit_eth_future_volume_usd_sum,deribit,40,0.012303906490310674,2026-04-18 00:00:00,2026-10-03 00:00:00,168.0,0.0,False,False,30,ok
deribit_eth_option_mark_iv_mean,deribit,40,0.012303906490310674,2026-04-18 00:00:00,2026-10-03 00:00:00,168.0,0.0,False,False,30,ok
deribit_eth_option_mark_price_mean,deribit,40,0.012303906490310674,2026-04-18 00:00:00,2026-10-03 00:00:00,168.0,0.0,False,False,30,ok
deribit_eth_option_open_interest_sum,deribit,40,0.012303906490310674,2026-04-18 00:00:00,2026-10-03 00:00:00,168.0,0.0,False,False,30,ok
deribit_eth_option_put_call_oi_ratio,deribit,40,0.012303906490310674,2026-04-18 00:00:00,2026-10-03 00:00:00,168.0,0.0,False,False,30,ok
deribit_eth_option_underlying_price_mean,deribit,40,0.012303906490310674,2026-04-18 00:00:00,2026-10-03 00:00:00,168.0,0.0,False,False,30,ok
deribit_eth_option_volume_sum,deribit,40,0.012303906490310674,2026-04-18 00:00:00,2026-10-03 00:00:00,168.0,0.0,False,False,30,ok
deribit_eth_option_volume_usd_sum,deribit,40,0.012303906490310674,2026-04-18 00:00:00,2026-10-03 00:00:00,168.0,0.0,False,False,30,ok
binance_eth_basis_annualizedbasisrate,binance,0,0.0,,,,,False,False,30,ok
binance_eth_basis_contracttype,binance,0,0.0,,,,,False,False,30,ok
binance_eth_basis_pair,binance,0,0.0,,,,,False,False,30,ok
binance_eth_oi_symbol,binance,0,0.0,,,,,False,False,30,ok
cg_defi_top_coin_name,cg,0,0.0,,,,,False,False,30,ok
fred_m2_money_supply,fred,0,0.0,,,,,False,False,30,ok
binance_eth_funding_rate_mean,binance,46,0.014149492463857275,2026-08-18 00:00:00,2026-10-02 00:00:00,45.0,1.0,True,False,30,ok
binance_eth_mark_price_last,binance,46,0.014149492463857275,2026-08-18 00:00:00,2026-10-02 00:00:00,45.0,1.0,True,False,30,ok
fred_cpi,fred,46,0.014149492463857275,2026-08-01 00:00:00,2026-09-15 00:00:00,45.0,18.0,True,False,30,ok
binance_eth_basis_basis,binance,26,0.007997539218701938,2026-09-07 00:00:00,2026-10-02 00:00:00,25.0,1.0,True,False,30,ok
binance_eth_basis_basisrate,binance,26,0.007997539218701938,2026-09-07 00:00:00,2026-10-02 00:00:00,25.0,1.0,True,False,30,ok
binance_eth_basis_futuresprice,binance,26,0.007997539218701938,2026-09-07 00:00:00,2026-10-02 00:00:00,25.0,1.0,True,False,30,ok
binance_eth_basis_indexprice,binance,26,0.007997539218701938,2026-09-07 00:00:00,2026-10-02 00:00:00,25.0,1.0,True,False,30,ok
binance_eth_oi_cmccirculatingsupply,binance,26,0.007997539218701938,2026-09-07 00:00:00,2026-10-02 00:00:00,25.0,1.0,True,False,30,ok
binance_eth_oi_sumopeninterest,binance,26,0.007997539218701938,2026-09-07 00:00:00,2026-10-02 00:00:00,25.0,1.0,True,False,30,ok
binance_eth_oi_sumopeninterestvalue,binance,26,0.007997539218701938,2026-09-07 00:00:00,2026-10-02 00:00:00,25.0,1.0,True,False,30,ok
binance_eth_taker_buy_sell_buysellratio,binance,26,0.007997539218701938,2026-09-06 00:00:00,2026-10-01 00:00:00,25.0,2.0,True,False,30,ok
binance_eth_taker_buy_sell_buyvol,binance,26,0.007997539218701938,2026-09-06 00:00:00,2026-10-01 00:00:00,25.0,2.0,True,False,30,ok
binance_eth_taker_buy_sell_sellvol,binance,26,0.007997539218701938,2026-09-06 00:00:00,2026-10-01 00:00:00,25.0,2.0,True,False,30,ok
cg_defi_defi_dominance,cg,11,0.003383574284835435,2026-09-14 00:00:00,2026-10-03 00:00:00,19.0,0.0,True,False,30,ok
cg_defi_defi_market_cap,cg,11,0.003383574284835435,2026-09-14 00:00:00,2026-10-03 00:00:00,19.0,0.0,True,False,30,ok
cg_defi_defi_to_eth_ratio,cg,11,0.003383574284835435,2026-09-14 00:00:00,2026-10-03 00:00:00,19.0,0.0,True,False,30,ok
cg_defi_eth_market_cap,cg,11,0.003383574284835435,2026-09-14 00:00:00,2026-10-03 00:00:00,19.0,0.0,True,False,30,ok
cg_defi_top_coin_defi_dominance,cg,11,0.003383574284835435,2026-09-14 00:00:00,2026-10-03 00:00:00,19.0,0.0,True,False,30,ok
cg_defi_trading_volume_24h,cg,11,0.003383574284835435,2026-09-14 00:00:00,2026-10-03 00:00:00,19.0,0.0,True,False,30,ok
